timestamp,pool_id,apy,tvl,token_price,oracle_price
2024-01-01,Aave_USDC,0.0501371226858895,107407277.73829487,1.0,1.0003678878866946
2024-01-02,Aave_USDC,0.04966912983808127,96282058.85593718,1.000197462207029,1.0010392719374086
2024-01-03,Aave_USDC,0.05000683287619418,95888749.9135484,1.0009087397742034,1.0018996499703388
2024-01-04,Aave_USDC,0.050430086998570225,101011530.95915596,1.0008486624142334,1.0021318600800406
2024-01-05,Aave_USDC,0.049552121163676,104221925.9524266,1.0012767293466247,1.0029335395342267
2024-01-06,Aave_USDC,0.048966140385587956,100057130.2778033,1.0015791255078823,1.0035760012352009
2024-01-07,Aave_USDC,0.049023668567013234,106644802.95218495,1.0025317218806824,1.0047151929971039
2024-01-08,Aave_USDC,0.048881359400458624,104283969.91283263,1.0035159421838415,1.0058816921301041
2024-01-09,Aave_USDC,0.048873798879581695,104209100.3344503,1.0019523579320133,1.0044706243300294
2024-01-10,Aave_USDC,0.048489929112173584,102770582.50662047,0.9997343799529581,1.0019179579152266
2024-01-11,Aave_USDC,0.04888565820086185,111638265.50173043,1.0009198808679431,1.0033164584732652
2024-01-12,Aave_USDC,0.04923566457180488,98974191.55566978,1.0023019091817051,1.0042941154016352
2024-01-13,Aave_USDC,0.04926537838570743,89982388.53966743,1.001368200328178,1.0031198446916552
2024-01-14,Aave_USDC,0.049772636928843046,108021271.8075857,0.9995568370891139,1.001696209136401
2024-01-15,Aave_USDC,0.04998301613285647,97711502.84521587,0.9997968722417809,1.0021887728884367
2024-01-16,Aave_USDC,0.049596334524559006,100539402.22171517,1.000908148073146,1.00374933204149
2024-01-17,Aave_USDC,0.04976227237739613,106547753.42430264,1.0029302671288904,1.0056954499580473
2024-01-18,Aave_USDC,0.04933077520702308,91988702.29470538,1.0036094038879773,1.0060295368358414
2024-01-19,Aave_USDC,0.049726077842611356,93741763.9294693,1.0033558313914108,1.005702979648042
2024-01-20,Aave_USDC,0.04970361118266754,91993610.31440574,1.0025549379497662,1.0049309002722597
2024-01-21,Aave_USDC,0.04962042311907217,96029318.54987288,1.002703754329303,1.005103830017556
2024-01-22,Aave_USDC,0.0493140048240904,102198183.03008497,1.002526445604895,1.005267060284527
2024-01-23,Aave_USDC,0.04986414842649371,102620939.21406385,1.001598352218163,1.0042278754026561
2024-01-24,Aave_USDC,0.049794610159562755,101381370.89664277,1.0038857801503231,1.0066273293012078
2024-01-25,Aave_USDC,0.04960186263958936,92936170.58053817,1.0059008297675744,1.008349543631694
2024-01-26,Aave_USDC,0.04944340254186965,88449482.81683677,1.0072352453477407,1.0098232802755494
2024-01-27,Aave_USDC,0.04968294167536866,100271767.92695192,1.0064020507116531,1.0089888833275815
2024-01-28,Aave_USDC,0.04984739150433249,97641119.83180833,1.0074407036068829,1.0098035882091256
2024-01-29,Aave_USDC,0.05003312117955069,102296928.85858306,1.0082530582681064,1.0105465154910305
2024-01-30,Aave_USDC,0.05022699063090424,103509768.13110635,1.0088579054010534,1.0110969963127907
2024-01-31,Aave_USDC,0.05119073205129594,100691207.16029342,1.010316402956257,1.0124768482557092
2024-02-01,Aave_USDC,0.05100784529392287,103800665.42687927,1.0111265722601386,1.013826065072943
2024-02-02,Aave_USDC,0.05077733606584067,101146056.87057534,1.0120482503911317,1.0147203142571244
2024-02-03,Aave_USDC,0.05041113833812913,102650323.52800733,1.012861436183918,1.0154615371771605
2024-02-04,Aave_USDC,0.0506883290782881,96476633.68565059,1.013361097693782,1.015324838798962
2024-02-05,Aave_USDC,0.051196366610012506,99101942.93084271,1.011608758965696,1.0132977279056006
2024-02-06,Aave_USDC,0.05114509025406781,100983880.48328479,1.0118353613363162,1.013444852510569
2024-02-07,Aave_USDC,0.05076701983943467,104102642.37708709,1.0113843755509007,1.0127850511536294
2024-02-08,Aave_USDC,0.05039600329237361,98031294.13887714,1.0101680476389492,1.011985765796474
2024-02-09,Aave_USDC,0.05068877004689473,102605836.27866057,1.0120862001725288,1.0138572905211556
2024-02-10,Aave_USDC,0.051023234423936276,98670806.04042311,1.014058077000266,1.0162245852048
2024-02-11,Aave_USDC,0.05126765384467362,99412289.16335934,1.0156405672676623,1.0178292573395684
2024-02-12,Aave_USDC,0.0509681744763937,104147595.21012037,1.0160505706317011,1.0182514918639916
2024-02-13,Aave_USDC,0.051072647071773725,90034698.14472923,1.0176270134779404,1.0198042410278372
2024-02-14,Aave_USDC,0.051125155685887054,93517638.35962619,1.0177787084011862,1.0199574196277623
2024-02-15,Aave_USDC,0.05122356555441511,92589073.0127859,1.0181337066265272,1.0208381667193984
2024-02-16,Aave_USDC,0.0516157085044918,88331919.40075848,1.0171076806847614,1.0191016271875482
2024-02-17,Aave_USDC,0.0517163265014404,96608677.79922412,1.0176693074512908,1.0190532814704698
2024-02-18,Aave_USDC,0.052021837604822756,103747169.4986387,1.017872508705121,1.019090895469837
2024-02-19,Aave_USDC,0.052052248186092755,98575579.66808712,1.0166241008433519,1.0178454240904606
2024-02-20,Aave_USDC,0.05218235191550325,100988950.40970926,1.0167083242884973,1.0181402391915837
2024-02-21,Aave_USDC,0.05246643161713059,105446087.48355396,1.0167621844497692,1.0183384803604711
2024-02-22,Aave_USDC,0.05181071149819554,106638430.66133846,1.018816297591433,1.0202783352134255
2024-02-23,Aave_USDC,0.051666859450834754,99654310.3263693,1.0199096087513886,1.0216850150501224
2024-02-24,Aave_USDC,0.051455191756403,106767929.44784698,1.0200609949588149,1.022151923427271
2024-02-25,Aave_USDC,0.0511676967246935,100460633.29217054,1.020465917945956,1.0226140238516281
2024-02-26,Aave_USDC,0.05104388271164149,95813008.88086268,1.0206523965444525,1.0230956566196932
2024-02-27,Aave_USDC,0.051716606301696964,97027998.23900633,1.02057484857459,1.0231013994833333
2024-02-28,Aave_USDC,0.051326982299635004,92597317.43717492,1.0195581501914934,1.0219104447671208
2024-02-29,Aave_USDC,0.05176270755920117,95559330.73133174,1.0195360362390846,1.022101714618268
2024-03-01,Aave_USDC,0.051005416161974064,98209916.55962786,1.0188790418364424,1.0214768772966414
2024-03-02,Aave_USDC,0.050854717898480464,104017925.09689301,1.0176851553227861,1.020280355793694
2024-03-03,Aave_USDC,0.050927956777777714,108603849.15582992,1.0183688722275357,1.0214158192664144
2024-03-04,Aave_USDC,0.05119175682688939,93089092.4231148,1.0189250870007978,1.0212245216983413
2024-03-05,Aave_USDC,0.051511808787796175,101964137.3412996,1.0171598297634064,1.0190226773423585
2024-03-06,Aave_USDC,0.05186881504363614,94797280.30421233,1.0171679733889343,1.0186686008763313
2024-03-07,Aave_USDC,0.05171188876112434,102373485.44231601,1.0183677039395844,1.0197591215154842
2024-03-08,Aave_USDC,0.05150383045442529,99344566.74656136,1.0196366513366228,1.020951920356006
2024-03-09,Aave_USDC,0.05188991960099101,90845470.87076235,1.0208714988149783,1.0217267249742332
2024-03-10,Aave_USDC,0.05180383265479428,104641484.95784242,1.0210523873005632,1.0216059956093355
2024-03-11,Aave_USDC,0.051229773809292216,96974996.43595634,1.0202887261936409,1.0205784283321786
2024-03-12,Aave_USDC,0.05071979456299065,97330498.80813223,1.019270955988589,1.0203118034411807
2024-03-13,Aave_USDC,0.05030604103428993,94651237.94355156,1.0197778505208093,1.0213704285573595
2024-03-14,Aave_USDC,0.05052976336911412,96728583.61656222,1.0203220337310863,1.021789426512764
2024-03-15,Aave_USDC,0.05059385495034587,102139452.20347458,1.021837395553381,1.02319551077666
2024-03-16,Aave_USDC,0.05090457335967637,99053778.29531798,1.023154318586183,1.0241614402106496
2024-03-17,Aave_USDC,0.05071230966882493,101643310.01141241,1.023152287700547,1.0235737149266948
2024-03-18,Aave_USDC,0.05078365252980945,101809609.26964422,1.0219599302648987,1.0223450323095962
2024-03-19,Aave_USDC,0.05106516820709475,106603308.27764083,1.0217579928506082,1.0218371498279768
2024-03-20,Aave_USDC,0.050925962264220644,98286069.2456781,1.0221298234220593,1.0221829907279631
2024-03-21,Aave_USDC,0.05113151112112148,92615710.91577134,1.022053052035017,1.0216155667659956
2024-03-22,Aave_USDC,0.050833644447641484,105336112.08285992,1.0215743028610424,1.0209034984606646
2024-03-23,Aave_USDC,0.050670270216687206,98342559.13951373,1.0219842103258008,1.0213587051280357
2024-03-24,Aave_USDC,0.050498488164387956,105572962.22288689,1.021584561112511,1.021071534741322
2024-03-25,Aave_USDC,0.04996036032387289,101916885.56591235,1.021052401832486,1.020667520928561
2024-03-26,Aave_USDC,0.0501794979402264,99344312.34898327,1.0215247294889231,1.0207349968976076
2024-03-27,Aave_USDC,0.049968266887135175,101743879.47023147,1.0212342627361948,1.0207066050078466
2024-03-28,Aave_USDC,0.04997388924056263,109755062.8006315,1.0216346430857435,1.020861521289048
2024-03-29,Aave_USDC,0.05019022523707029,110384902.64526877,1.022066315025042,1.0214869133877145
2024-03-30,Aave_USDC,0.05039116426628377,100346905.67566389,1.0209872044544046,1.02040515597086
2024-03-31,Aave_USDC,0.05069058756532152,100800952.96658538,1.0206122158518807,1.0196089537747524
2024-04-01,Aave_USDC,0.05064626909729228,105381200.78733192,1.0222890002414753,1.0211871162542616
2024-04-02,Aave_USDC,0.05045578485687241,95771694.83616327,1.021185440289061,1.02019667702465
2024-04-03,Aave_USDC,0.05041991166196453,101665351.86309128,1.019064217158836,1.0182649030953599
2024-04-04,Aave_USDC,0.04966061116668342,99870685.76023072,1.0172187036739972,1.0163778125011431
2024-04-05,Aave_USDC,0.04900941055409303,101569541.05728777,1.017388503894439,1.0170149966251507
2024-04-06,Aave_USDC,0.048414195728533546,95833155.97025298,1.0175602576821925,1.0174942482339684
2024-04-07,Aave_USDC,0.04796543465611288,92052162.53345515,1.017573809320014,1.0174294496406202
2024-04-08,Aave_USDC,0.04814533305813843,89635082.82004353,1.0190070634243389,1.0190918142416376
2024-04-09,Aave_USDC,0.0477378674832264,94413079.43505196,1.0162984675894147,1.0169725865394879
2024-04-10,Aave_USDC,0.04756769433390867,97706623.57530333,1.0168585218935984,1.0181310729742015
2024-04-11,Aave_USDC,0.0481523470679124,98534042.06675619,1.0186610010050339,1.0195605331279458
2024-04-12,Aave_USDC,0.04799202828093476,109686155.81214759,1.0175978942509227,1.0182136361508753
2024-04-13,Aave_USDC,0.04832391028674495,105529966.8495365,1.0173321717899004,1.0184009495991835
2024-04-14,Aave_USDC,0.04790378233074051,95189544.41829187,1.0166693670631404,1.0174146719723767
2024-04-15,Aave_USDC,0.04781133542970007,101738542.26225479,1.0158565540200655,1.0161982094449105
2024-04-16,Aave_USDC,0.04738382550499031,97964608.81824838,1.015648214754928,1.015841659450328
2024-04-17,Aave_USDC,0.04723126062083506,98578180.80979952,1.0173058833797377,1.0176278935329521
2024-04-18,Aave_USDC,0.04760939928269089,100926628.24707691,1.0194035942510578,1.0196949533262545
2024-04-19,Aave_USDC,0.04683210509225433,103095855.58487697,1.0191842025567999,1.0192765856775363
2024-04-20,Aave_USDC,0.04702759573184997,98303707.58057992,1.0213581409995596,1.0212441374592094
2024-04-21,Aave_USDC,0.04713457675289949,105319257.66367179,1.0215355474339318,1.0212032208016388
2024-04-22,Aave_USDC,0.046867209272835934,94290308.86928798,1.0235522958704668,1.0229492459183178
2024-04-23,Aave_USDC,0.04621648323836113,100031695.31181134,1.0235919786013037,1.0236895436025268
2024-04-24,Aave_USDC,0.04624894151683237,112988368.63297915,1.0238721084990052,1.024061084187501
2024-04-25,Aave_USDC,0.04601066979775366,101115398.71312638,1.0244036714055238,1.0248652649736798
2024-04-26,Aave_USDC,0.04611537409286327,107166072.53303087,1.027958579364615,1.028270949351039
2024-04-27,Aave_USDC,0.04612520755834883,100457600.89086604,1.029015457495048,1.0292707429507864
2024-04-28,Aave_USDC,0.04684600805944324,102903885.47664899,1.0283941609645648,1.0284291478602592
2024-04-29,Aave_USDC,0.04673829802708038,99716084.02803655,1.029578350824334,1.028794335558934
2024-04-30,Aave_USDC,0.04627772415540054,99147962.09417897,1.0293288676275003,1.0281195149229037
2024-05-01,Aave_USDC,0.04635839819113088,96102588.0163729,1.0289416497612922,1.027173845705291
2024-05-02,Aave_USDC,0.04645739669891817,102151506.79478776,1.0300613413784967,1.0275963890138982
2024-05-03,Aave_USDC,0.04706903110777637,95742314.05407116,1.0302354160949974,1.0274005968218896
2024-05-04,Aave_USDC,0.04744483116843793,103327926.18156715,1.030676518172361,1.0282501653646219
2024-05-05,Aave_USDC,0.04760542314505521,105426435.02222955,1.0308322432611692,1.0283917819850446
2024-05-06,Aave_USDC,0.048263909446104016,101832657.03618614,1.0313362265812567,1.0292938736895123
2024-05-07,Aave_USDC,0.04772896607165873,98568756.33222154,1.031935930017813,1.030019621840969
2024-05-08,Aave_USDC,0.04744107788192135,102269827.89654347,1.0299861036128537,1.0283152236843285
2024-05-09,Aave_USDC,0.047024118708288855,98456634.72226794,1.0308457162045586,1.0288948360395433
2024-05-10,Aave_USDC,0.046848704296868764,104677735.62732574,1.0299270376228205,1.028139785437396
2024-05-11,Aave_USDC,0.04622919553046842,90842969.57892439,1.0285134764993056,1.0269535250167485
2024-05-12,Aave_USDC,0.04651501345653491,98321963.15940677,1.0285909168847245,1.0268529076978403
2024-05-13,Aave_USDC,0.046415013242840454,90045940.02438001,1.0288217109396867,1.0272560119647174
2024-05-14,Aave_USDC,0.04575315041031426,92524695.84886397,1.028215340580701,1.0268252132843017
2024-05-15,Aave_USDC,0.04529613982377087,106819311.14906955,1.0292506597154043,1.027689444468162
2024-05-16,Aave_USDC,0.045437221055123454,104475924.90985844,1.0279457649496826,1.0260402855109896
2024-05-17,Aave_USDC,0.04581437801067593,96402598.83357605,1.027648145961739,1.0253781580270669
2024-05-18,Aave_USDC,0.04671290691193723,92487482.71979551,1.027159270431894,1.0249170188727637
2024-05-19,Aave_USDC,0.04802414502164053,85177355.81079175,1.027249323966337,1.0251076520235893
2024-05-20,Aave_USDC,0.04821062926661473,97282522.46033683,1.0276894577671845,1.025302527074397
2024-05-21,Aave_USDC,0.04776533711260039,112102075.061237,1.026745781556526,1.0243692315798145
2024-05-22,Aave_USDC,0.0468059162862713,102174421.35731824,1.0276647728704253,1.0254619920009629
2024-05-23,Aave_USDC,0.04692638644432603,97202138.56975256,1.0278727853050829,1.0258601849882458
2024-05-24,Aave_USDC,0.04656056295143638,102325401.04750153,1.0259789891933186,1.0244477558951701
2024-05-25,Aave_USDC,0.04637365218435552,92195208.23502779,1.0240172368090708,1.02288122646419
2024-05-26,Aave_USDC,0.046098208624778605,98513383.18651183,1.0241437536906974,1.022699963082291
2024-05-27,Aave_USDC,0.04603485272589124,100497387.36507869,1.0240465867173258,1.0231201543038315
2024-05-28,Aave_USDC,0.04651454382974567,99569496.74089476,1.024075437826952,1.02298585131358
2024-05-29,Aave_USDC,0.046585215685096076,103954030.6084504,1.0241851682495708,1.0234165079573843
2024-05-30,Aave_USDC,0.04651383000842867,101723226.13118026,1.0245668150791911,1.023818765409861
2024-05-31,Aave_USDC,0.04604778581965705,103341630.09053999,1.0257236742535292,1.0248479545336995
2024-06-01,Aave_USDC,0.045294178494540094,96558138.5888462,1.0246710842923545,1.0232405748191369
2024-06-02,Aave_USDC,0.04507533993545709,104489077.04205275,1.023554353407731,1.0220727212852379
2024-06-03,Aave_USDC,0.045051137787588846,108144684.73811996,1.0225230227014126,1.0205645318898011
2024-06-04,Aave_USDC,0.0458467062486998,95149252.40174294,1.0229718964767083,1.0213094018942481
2024-06-05,Aave_USDC,0.04590532978336259,95561521.7214272,1.0244457388532986,1.0232470105711913
2024-06-06,Aave_USDC,0.046347562563322973,106678921.68160117,1.0241229782451753,1.0226797871761923
2024-06-07,Aave_USDC,0.04612287954398035,99043280.0665247,1.0215837861901802,1.0202367198674622
2024-06-08,Aave_USDC,0.04558965484909269,107019106.96033278,1.019902231991735,1.018335434446455
2024-06-09,Aave_USDC,0.04515535230608812,97787321.44053908,1.0191522429722804,1.017394441090869
2024-06-10,Aave_USDC,0.044829000577047036,107275227.88135356,1.018696356961978,1.0171760338584788
2024-06-11,Aave_USDC,0.04578681195664286,100657429.08402726,1.018399875535637,1.0168682206987119
2024-06-12,Aave_USDC,0.04541718795099188,101291144.11661348,1.0185799719730877,1.0175796374705437
2024-06-13,Aave_USDC,0.04579450809267324,107823590.10834952,1.0183865491507573,1.0172390748853573
2024-06-14,Aave_USDC,0.04538819086253408,98191147.61277914,1.019644969527005,1.0188017678068046
2024-06-15,Aave_USDC,0.04580739871832749,95294389.5203752,1.0190626647924144,1.018249725724378
2024-06-16,Aave_USDC,0.045980626653075125,97757178.95985822,1.0182820792734346,1.0177128608494967
2024-06-17,Aave_USDC,0.045910139599128985,102261669.7532157,1.0189316939412933,1.0182254254507863
2024-06-18,Aave_USDC,0.04589179646236804,92171204.63909742,1.01743379951452,1.0167134424327184
2024-06-19,Aave_USDC,0.045597141999424814,103187354.51325561,1.0179878273027956,1.0172318050257647
2024-06-20,Aave_USDC,0.04579787449009175,97306143.41191128,1.0182360388528005,1.0172244411926792
2024-06-21,Aave_USDC,0.0455931319239384,105739063.30366781,1.0182178008846914,1.0174084643048804
2024-06-22,Aave_USDC,0.045041609330243135,88028698.47549765,1.0200513475958013,1.019439539822617
2024-06-23,Aave_USDC,0.04446653742179931,96067171.12447916,1.0195262398308162,1.019096290383345
2024-06-24,Aave_USDC,0.04454420198477426,91567659.24382949,1.0218669584834583,1.0219071942453786
2024-06-25,Aave_USDC,0.045254793050158955,95868852.66818024,1.021765232531732,1.0222497313265737
2024-06-26,Aave_USDC,0.045326789276267,101238329.50554472,1.0205394377830408,1.0209085615798463
2024-06-27,Aave_USDC,0.04527340202951756,99103866.87275122,1.020753399482512,1.0212368389948174
2024-06-28,Aave_USDC,0.0454020237923387,98733112.15525992,1.0197431225854527,1.020035309865794
2024-06-29,Aave_USDC,0.045989724576106776,99204075.6430997,1.0190799590766129,1.0193790966209064
2024-06-30,Aave_USDC,0.046088446701720506,101016941.20309971,1.0196427197227709,1.0197585634102293
2024-07-01,Aave_USDC,0.04590352944784533,94957319.79028445,1.0203751353355572,1.0209869860725276
2024-07-02,Aave_USDC,0.046401359367372275,103534248.20449525,1.019849903322204,1.0205727143696974
2024-07-03,Aave_USDC,0.046594299764680006,103313329.85192741,1.0210439294540885,1.0217008015634297
2024-07-04,Aave_USDC,0.0472853899610782,101925189.68828051,1.0224214014936124,1.0234452741292526
2024-07-05,Aave_USDC,0.04736784545782806,102782667.21375632,1.0240995767202477,1.0244582520164136
2024-07-06,Aave_USDC,0.04681683439355383,101482090.0040433,1.024807119126515,1.0245468222252831
2024-07-07,Aave_USDC,0.046201162753893285,110175366.51365533,1.0264109054216302,1.026395258407509
2024-07-08,Aave_USDC,0.04694408032339734,99564529.14473745,1.0245317590336178,1.0245347262196025
2024-07-09,Aave_USDC,0.04771972989774983,98464583.90832712,1.0243306002636745,1.0244105288097998
2024-07-10,Aave_USDC,0.04763894625177266,96232362.0982131,1.0235409571795924,1.023213537888688
2024-07-11,Aave_USDC,0.04746651195726146,94838686.64711082,1.023808391871474,1.0234737509707637
2024-07-12,Aave_USDC,0.04812416188877045,93777641.06199463,1.0233357246994224,1.0236163171205217
2024-07-13,Aave_USDC,0.047625991331850887,95556013.4338454,1.0232973466222315,1.023830948905503
2024-07-14,Aave_USDC,0.047223364173320764,99646598.09173964,1.025455490870408,1.0260424264787509
2024-07-15,Aave_USDC,0.04751286123093083,101671475.64248857,1.025413209702911,1.0258650576072033
2024-07-16,Aave_USDC,0.047335288925644016,100255710.2927608,1.025997467809882,1.0263281239432007
2024-07-17,Aave_USDC,0.047332984085619985,96172323.61285144,1.0258879871107258,1.02556331239984
2024-07-18,Aave_USDC,0.04725943478128396,104500922.82009982,1.0261092936299725,1.0258638590487335
2024-07-19,Aave_USDC,0.047411343328243476,103697063.36150473,1.0262557677482365,1.0262706027069086
2024-07-20,Aave_USDC,0.04804471016583465,99201758.46288991,1.0268776263546822,1.0264070798321647
2024-07-21,Aave_USDC,0.04808547337394043,96735419.27667645,1.0282713645167985,1.0275961445260067
2024-07-22,Aave_USDC,0.04837524583091502,102742139.604149,1.0301867687389803,1.029152569562753
2024-07-23,Aave_USDC,0.047452668385451056,100939867.93743052,1.0306613444114476,1.0293281837630726
2024-07-24,Aave_USDC,0.047430745104582506,92759363.70292476,1.0314383479139448,1.030120731111633
2024-07-25,Aave_USDC,0.047051291482950716,99660098.72007798,1.030337007749842,1.0283765068570108
2024-07-26,Aave_USDC,0.04650282560576008,101310179.0603719,1.0303828018667804,1.0286120939466001
2024-07-27,Aave_USDC,0.046107657040642146,95501526.06756122,1.031538280006332,1.0299988755111555
2024-07-28,Aave_USDC,0.045957301492326776,100949216.96418722,1.032614710675122,1.0309959121129126
2024-07-29,Aave_USDC,0.04636945763638698,92725887.57371105,1.032984413202131,1.0305962751012014
2024-07-30,Aave_USDC,0.04577258091340418,106680930.50006086,1.034084463707595,1.0313846681135217
2024-07-31,Aave_USDC,0.04578636508507167,106239749.92529716,1.0347570403618818,1.032438214986473
2024-08-01,Aave_USDC,0.04556848884007156,98737413.32848518,1.0361994368530767,1.0330138123251682
2024-08-02,Aave_USDC,0.04542103594760868,101817271.68919536,1.0366547945877695,1.0333596915940493
2024-08-03,Aave_USDC,0.04587227696899575,87950390.17100063,1.0364102520433043,1.0327490368793768
2024-08-04,Aave_USDC,0.046114428915647515,94218261.69867334,1.036916157207968,1.0335034364708076
2024-08-05,Aave_USDC,0.04671625806399675,98531105.39923935,1.0338809423205124,1.0302688149131036
2024-08-06,Aave_USDC,0.046646730508334296,94639334.8928657,1.0344365559509747,1.0309478468070843
2024-08-07,Aave_USDC,0.046333556333082476,103571982.41315329,1.030633841787928,1.0273327923549707
2024-08-08,Aave_USDC,0.046232819865486253,109986482.65373997,1.0289164186500197,1.026187666879911
2024-08-09,Aave_USDC,0.0463419434215583,94116926.40285349,1.0295436019037976,1.026750505529917
2024-08-10,Aave_USDC,0.04642140143286247,95812682.97957404,1.0301989490505699,1.0275202949094706
2024-08-11,Aave_USDC,0.04593342680035745,101177241.84154965,1.029086474051552,1.025952237341219
2024-08-12,Aave_USDC,0.04597414720209,108055580.7424981,1.028459926365713,1.0256948856937245
2024-08-13,Aave_USDC,0.046076849950652504,93888128.43730049,1.030077098553806,1.0270726952489613
2024-08-14,Aave_USDC,0.04720971326754277,101245180.61153471,1.0296957650383856,1.026519252104254
2024-08-15,Aave_USDC,0.04805429334261952,109106494.25406554,1.0322571573666137,1.0290658531485324
2024-08-16,Aave_USDC,0.04767033383486805,91741204.25910366,1.0323959315392937,1.0287201436580606
2024-08-17,Aave_USDC,0.04754101132217092,93594653.96577084,1.032977943708612,1.0293709779238729
2024-08-18,Aave_USDC,0.04688246242134427,97881966.9676958,1.0348690511241798,1.0315558422171904
2024-08-19,Aave_USDC,0.0466166442650607,97397057.93572295,1.035152233978032,1.0319290877709781
2024-08-20,Aave_USDC,0.04675866651667636,104063006.43876822,1.0342077126892584,1.030494532396813
2024-08-21,Aave_USDC,0.047301300646076065,101208298.5991042,1.0342300212140416,1.0304783466391816
2024-08-22,Aave_USDC,0.046973212919091435,91125189.70178936,1.0343325798585963,1.0308107846526047
2024-08-23,Aave_USDC,0.04667884702106093,102577052.01450406,1.0329968387093185,1.0288976046259526
2024-08-24,Aave_USDC,0.04571256695767854,97112305.56322175,1.0328611336392022,1.0284294128602822
2024-08-25,Aave_USDC,0.045639367293433326,106372236.0847062,1.0321997732927561,1.0280423206605545
2024-08-26,Aave_USDC,0.045161280808096525,96862062.31781541,1.033340054730687,1.0292617394481085
2024-08-27,Aave_USDC,0.04492303306578179,96816923.58448882,1.0335184987430983,1.0295672132653202
2024-08-28,Aave_USDC,0.04452844571560638,102705658.05402265,1.033353556396251,1.0299793561878547
2024-08-29,Aave_USDC,0.04448602756619273,103814632.41168468,1.033379682003042,1.0301506543633097
2024-08-30,Aave_USDC,0.04369504979008224,102240496.81968102,1.0337621168336133,1.0307359241007807
2024-08-31,Aave_USDC,0.043034879429656295,91572013.41307595,1.0345709890986423,1.0323837661107726
2024-09-01,Aave_USDC,0.04399304063006903,102690172.19964126,1.033629845856581,1.03137831414108
2024-09-02,Aave_USDC,0.043413700468495714,94828459.741628,1.0326442895649781,1.030147725939816
2024-09-03,Aave_USDC,0.04292014695819113,101176380.55794132,1.033980227191232,1.0316131336530214
2024-09-04,Aave_USDC,0.043746758045935724,92881327.8230047,1.0336750251401639,1.0314447625207794
2024-09-05,Aave_USDC,0.04505403827209391,102231610.73771532,1.0322838295905514,1.0298934526873618
2024-09-06,Aave_USDC,0.0445268332891225,95967005.47846314,1.0329044627812705,1.0301927384809009
2024-09-07,Aave_USDC,0.044361121258567886,93586826.74869739,1.0335466290094133,1.0315494183798395
2024-09-08,Aave_USDC,0.044514821256491116,103569100.682412,1.032032572519552,1.0301394815632134
2024-09-09,Aave_USDC,0.04529273519647363,101208222.60838376,1.0324213822716732,1.0303007699832394
2024-09-10,Aave_USDC,0.04484864951118093,96930115.99303551,1.0333576779037412,1.0315190875301428
2024-09-11,Aave_USDC,0.044738274480506976,107255894.24510533,1.0339038111723562,1.0320303954206473
2024-09-12,Aave_USDC,0.04508807638973476,97796737.89215128,1.034729223440043,1.0327758129088673
2024-09-13,Aave_USDC,0.04528372112324474,100160538.36985467,1.0333502099517238,1.0315737102241926
2024-09-14,Aave_USDC,0.0451144508911912,101344567.23839301,1.03384942524719,1.0316713837639424
2024-09-15,Aave_USDC,0.04505423055715897,96901670.32935694,1.03366297854325,1.031594679158621
2024-09-16,Aave_USDC,0.044435527443392485,102355681.46699965,1.033281658802351,1.0318071087513867
2024-09-17,Aave_USDC,0.044328349258603884,97332738.26417638,1.0343648755856474,1.0330334390643168
2024-09-18,Aave_USDC,0.044208474888099855,97941808.38891895,1.0361092638078468,1.0346586428527675
2024-09-19,Aave_USDC,0.04431295133843167,106813213.1990167,1.0381989946515404,1.0365875050784623
2024-09-20,Aave_USDC,0.04406305408996311,94797069.73743783,1.039770814501628,1.0380288872956867
2024-09-21,Aave_USDC,0.044275246425108425,87936098.34535255,1.0397932357005204,1.0379720503299363
2024-09-22,Aave_USDC,0.04473096854312735,108054684.97505948,1.0403191741178945,1.0383791557584452
2024-09-23,Aave_USDC,0.04480091174057816,112746639.76303501,1.0412966854779844,1.0396410898460056
2024-09-24,Aave_USDC,0.0449592021243578,97973653.67275333,1.041570887943259,1.0393732783033798
2024-09-25,Aave_USDC,0.04498312203076784,90315809.79689908,1.0418556179295388,1.039926831416627
2024-09-26,Aave_USDC,0.04498316000765898,98447580.11902028,1.0428967249706833,1.0408472189070221
2024-09-27,Aave_USDC,0.044658458892564694,98568885.25079666,1.0429742968931408,1.0410425824402598
2024-09-28,Aave_USDC,0.04480088131031768,99050380.79488872,1.042320542279381,1.0400376338641475
2024-09-29,Aave_USDC,0.04475710234103161,94433059.79039076,1.0420105481812887,1.0401436529963608
2024-09-30,Aave_USDC,0.04569902808005038,102897805.71238239,1.042844538195087,1.0413658498948104
2024-10-01,Aave_USDC,0.04640703778616424,102622536.87643044,1.0429901001222317,1.041811458449809
2024-10-02,Aave_USDC,0.046580668734814666,92527971.90090346,1.043503989456918,1.0418505712630992
2024-10-03,Aave_USDC,0.04623729299045202,103495983.65847445,1.0443787176444408,1.0429836883757333
2024-10-04,Aave_USDC,0.045736707828059484,110263424.90972945,1.0441114288951556,1.0428435708047106
2024-10-05,Aave_USDC,0.04627272215694947,100859801.6621853,1.0450809343325456,1.0433086074651639
2024-10-06,Aave_USDC,0.046390959308265686,98313374.18965746,1.0456381411839994,1.0438572474819612
2024-10-07,Aave_USDC,0.04660702383979191,99289983.9279624,1.0444298489118424,1.0427652323406298
2024-10-08,Aave_USDC,0.04582196014565352,103076283.8348428,1.0461507224837578,1.0446578847420371
2024-10-09,Aave_USDC,0.0462393074623547,91346641.9724639,1.0457451402802231,1.044308492360723
2024-10-10,Aave_USDC,0.04644379661455117,100821953.51488651,1.0440772589809197,1.0427341228317548
2024-10-11,Aave_USDC,0.04594410280656465,98047680.25268595,1.0430779673305526,1.0421972441765215
2024-10-12,Aave_USDC,0.045731916643212175,109239125.06478024,1.042105812424785,1.0416092072291268
2024-10-13,Aave_USDC,0.045850589385172606,99129136.3309752,1.042304931891175,1.0409117281516096
2024-10-14,Aave_USDC,0.04587419944443292,108339438.0555976,1.0421483462442882,1.0406561063864697
2024-10-15,Aave_USDC,0.04574272241082132,94481296.51108997,1.0419230857755033,1.04037970235347
2024-10-16,Aave_USDC,0.04569615269019164,102936295.83401397,1.042741495887288,1.0406488044019016
2024-10-17,Aave_USDC,0.04558276286999854,101597001.31895614,1.0432548972891396,1.0411906525328176
2024-10-18,Aave_USDC,0.045651416000444645,95654763.76067609,1.0437425162833804,1.0420683211696653
2024-10-19,Aave_USDC,0.04631358738829157,100886980.5731847,1.0443328845008857,1.0423173208542795
2024-10-20,Aave_USDC,0.04515859108987248,106062594.184158,1.0451492844309667,1.0432376218916795
2024-10-21,Aave_USDC,0.045052008470843126,98381041.47856699,1.0429877834673962,1.0407935166785343
2024-10-22,Aave_USDC,0.04513143906046073,91540186.75415118,1.0427322065963534,1.0403282902051139
2024-10-23,Aave_USDC,0.045264636355819926,99912185.86761276,1.0404969964188573,1.0385594001761744
2024-10-24,Aave_USDC,0.045097274794225345,95487884.52603744,1.0406782538927652,1.038570931677961
2024-10-25,Aave_USDC,0.04430674999210998,98288295.30668059,1.040815204026133,1.0388519278298687
2024-10-26,Aave_USDC,0.04445434795978133,99592061.15157439,1.042097185997484,1.0395464942753432
2024-10-27,Aave_USDC,0.045231655556155215,91471738.91992241,1.0435359711287675,1.041564776370181
2024-10-28,Aave_USDC,0.04454141792394295,91921708.30339661,1.0438999291201643,1.0421167795143138
2024-10-29,Aave_USDC,0.04493014053010713,102410334.17762762,1.0434956386365926,1.0416560482871995
2024-10-30,Aave_USDC,0.04478230417970183,97386406.5191516,1.04416820898023,1.0425077231594753
2024-10-31,Aave_USDC,0.04475470822407885,87176278.29089716,1.0437337050261046,1.0416324673573523
2024-11-01,Aave_USDC,0.04428090389426208,103924220.18304068,1.0438745981925142,1.042143401019457
2024-11-02,Aave_USDC,0.04413039861670193,101361848.7763712,1.0450953639344893,1.0432605637059067
2024-11-03,Aave_USDC,0.044715418684316464,96430625.87981758,1.044627826645944,1.0427298942314105
2024-11-04,Aave_USDC,0.04497761354321093,93415848.9447088,1.04565191868204,1.043597895454414
2024-11-05,Aave_USDC,0.0457571537656454,104179039.48157169,1.0465364692245327,1.044298406572023
2024-11-06,Aave_USDC,0.046286989115685365,101746753.11280215,1.0456336106474178,1.0436153900782452
2024-11-07,Aave_USDC,0.04648457812120368,111913011.41342036,1.0468430173562686,1.0449028307510513
2024-11-08,Aave_USDC,0.04726934865797918,102100942.99362469,1.0477517897534594,1.0460147799419586
2024-11-09,Aave_USDC,0.04746689557941142,101938515.70631008,1.0480065703119392,1.046266373046116
2024-11-10,Aave_USDC,0.047839490258970094,99165360.34945717,1.0473134402449202,1.0457356382278054
2024-11-11,Aave_USDC,0.04770603332987947,104083879.33600396,1.0465146243439654,1.0448065263607829
2024-11-12,Aave_USDC,0.04773597894701612,103125426.00624077,1.0460684724994385,1.0450608383698394
2024-11-13,Aave_USDC,0.04742213822653099,106258625.04282597,1.0468056373553671,1.0453048976259383
2024-11-14,Aave_USDC,0.04786745099709867,97393385.40681358,1.0459016341284286,1.044797835334025
2024-11-15,Aave_USDC,0.04733721436669699,97822962.63528019,1.0465235521634684,1.0458485612333064
2024-11-16,Aave_USDC,0.047689272020784934,97604484.1454401,1.0453066397681223,1.0443652035495616
2024-11-17,Aave_USDC,0.04760347904490761,103954008.60589495,1.0452259552427487,1.0449836200829505
2024-11-18,Aave_USDC,0.0481305402369679,107491872.20148367,1.0454885728952716,1.0455584089622652
2024-11-19,Aave_USDC,0.04846843128189697,97705797.5342535,1.048311136287647,1.0486865776456582
2024-11-20,Aave_USDC,0.04928772205283803,97876131.36103454,1.0469435620954932,1.0473273149660078
2024-11-21,Aave_USDC,0.049616570663850425,101570386.119349,1.0487011932247967,1.0490172487483989
2024-11-22,Aave_USDC,0.04890915254880646,98771192.4999355,1.0490088229884047,1.049259069712713
2024-11-23,Aave_USDC,0.04887902362100228,104760268.26569945,1.0496036461278877,1.0499770054518172
2024-11-24,Aave_USDC,0.04835162038433461,88741113.54690477,1.0498769256598017,1.050691704134859
2024-11-25,Aave_USDC,0.04811839445526978,95866474.76541552,1.0505091414977192,1.0513815522898207
2024-11-26,Aave_USDC,0.048798447250244306,96087918.33019277,1.0504834604724846,1.0510686130020226
2024-11-27,Aave_USDC,0.049085337465148274,88398219.93806928,1.0522272461102473,1.0530736153688085
2024-11-28,Aave_USDC,0.04877081877228784,95181807.77815598,1.0518680586579925,1.053004817714822
2024-11-29,Aave_USDC,0.04831464595738966,95424219.42077038,1.0532592483386922,1.054604368722003
2024-11-30,Aave_USDC,0.04832939789918397,98994476.72740585,1.0526926251793616,1.0542724562869166
2024-12-01,Aave_USDC,0.04778194583196247,105564829.45830132,1.0527698575863051,1.0542642371098885
2024-12-02,Aave_USDC,0.04747993270713401,98774696.7440465,1.051732608034159,1.0529324007490155
2024-12-03,Aave_USDC,0.047620336969332065,94845931.39864424,1.052377285147197,1.0533037131814325
2024-12-04,Aave_USDC,0.048140227385580076,99715227.29393235,1.0541143665992898,1.0545251342279784
2024-12-05,Aave_USDC,0.04841417004808107,105245868.10720675,1.0541728275120419,1.0546585533581405
2024-12-06,Aave_USDC,0.047383089769211933,95120205.91942547,1.054099384781431,1.0545586877943787
2024-12-07,Aave_USDC,0.04752005479727555,95447125.58039276,1.0530138043663058,1.053333640421016
2024-12-08,Aave_USDC,0.04755246990523021,102792744.79637112,1.0529047218257692,1.0522909292435862
2024-12-09,Aave_USDC,0.04773872053364792,98892319.421346,1.0512939844568927,1.0502877416509946
2024-12-10,Aave_USDC,0.048466014890390964,103237423.45354737,1.0504331107846452,1.0497809024009805
2024-12-11,Aave_USDC,0.04753755766582883,99931766.04102352,1.050825887399419,1.0499639132809322
2024-12-12,Aave_USDC,0.04727156112449283,103508318.24044783,1.052421457305229,1.0516720226942893
2024-12-13,Aave_USDC,0.04753746896974984,94824609.4297968,1.0556650142394584,1.054472840489047
2024-12-14,Aave_USDC,0.046825751489995564,99939576.74605866,1.0551609205448291,1.0544247358131469
2024-12-15,Aave_USDC,0.04748992856161965,98946549.92818421,1.0568917253695076,1.0561086665643684
2024-12-16,Aave_USDC,0.04765568903733494,93920545.37947935,1.0573056959118894,1.0566143288019232
2024-12-17,Aave_USDC,0.04803665183096447,92182610.26065657,1.0572825465449451,1.0573288964865577
2024-12-18,Aave_USDC,0.04777972718327966,103428745.1763733,1.057905785632908,1.058433438123335
2024-12-19,Aave_USDC,0.04814592084376446,98245238.0889101,1.0581187164100943,1.0585491602576627
2024-12-20,Aave_USDC,0.04862673304395953,94888598.59176335,1.0583854021539947,1.0586275978144357
2024-12-21,Aave_USDC,0.04873152815302125,99519105.31538334,1.058077431061391,1.0582162206984111
2024-12-22,Aave_USDC,0.04883700855473567,105640094.28674652,1.056674114150297,1.0569743585960936
2024-12-23,Aave_USDC,0.048958663012412446,88596310.77314039,1.0551119182249908,1.0553784118154257
2024-12-24,Aave_USDC,0.048570157643279724,92516806.55048338,1.0559777672075918,1.056119268779842
2024-12-25,Aave_USDC,0.04850376973717156,95385567.79052366,1.055815977898594,1.0564221798130837
2024-12-26,Aave_USDC,0.048435134597568,107305894.33360164,1.055301312821411,1.0558710614838072
2024-12-27,Aave_USDC,0.04860766183652707,101412934.91459648,1.0554547040499103,1.0567526691646811
2024-12-28,Aave_USDC,0.049057582747636705,103836586.20230614,1.0564775248626521,1.0578055080541469
2024-12-29,Aave_USDC,0.04858124151074642,94299195.40436885,1.0568212021374752,1.0587156460278326
2024-12-30,Aave_USDC,0.04852498744710261,94402320.62364736,1.0562397391912597,1.0582463652508864
2024-01-01,Curve_3Pool,0.07043333225796226,103368971.96833879,1.0,0.9998859885813424
2024-01-02,Curve_3Pool,0.07010725728477928,104302648.53980723,0.9962365496772732,0.9954955755097936
2024-01-03,Curve_3Pool,0.06972306563461494,107794081.23899543,0.9922044030630405,0.991716334845542
2024-01-04,Curve_3Pool,0.0699299333143717,95619450.3788602,0.9924845798263783,0.9924236402402019
2024-01-05,Curve_3Pool,0.07037478227348108,98867727.07727931,0.9933312003449086,0.9937142648758303
2024-01-06,Curve_3Pool,0.07039289769938128,103736360.25571728,0.9857662520853253,0.9862525534414276
2024-01-07,Curve_3Pool,0.06981402069859363,100287050.35719079,0.9851485704597301,0.9856481793319731
2024-01-08,Curve_3Pool,0.06920190443376344,94413361.98974362,0.9853329528455765,0.9862252581711525
2024-01-09,Curve_3Pool,0.06855969305277962,102073081.42513351,0.9845718854834234,0.9859604298694341
2024-01-10,Curve_3Pool,0.0677642631019569,102893308.16907583,0.9813499736100597,0.9830677024100598
2024-01-11,Curve_3Pool,0.06781353151370809,100439814.48165502,0.979260918211082,0.980698387091205
2024-01-12,Curve_3Pool,0.0683198012784767,101097924.63589972,0.9786614420660177,0.9801571455012169
2024-01-13,Curve_3Pool,0.06831376417436054,98706470.49157135,0.9791591537392781,0.9807847247117039
2024-01-14,Curve_3Pool,0.0672965775335585,107391394.6785803,0.9817678893737368,0.9828648041420092
2024-01-15,Curve_3Pool,0.06721073532640795,95496539.08143662,0.9863478706310208,0.9875887884108869
2024-01-16,Curve_3Pool,0.06713747577792328,97063396.1861811,0.9852592183701915,0.987170612368744
2024-01-17,Curve_3Pool,0.06808067521552473,100054927.56763762,0.9835051626343856,0.9856019679374753
2024-01-18,Curve_3Pool,0.06742496315471093,104394770.13850446,0.9854355654282092,0.9879720723915852
2024-01-19,Curve_3Pool,0.06724915823354129,92513134.14952731,0.9880860684322245,0.9906836184280498
2024-01-20,Curve_3Pool,0.06801679193978635,93448516.25117281,0.9864176645380436,0.9889891613621876
2024-01-21,Curve_3Pool,0.0682192821933923,89811357.4613264,0.9898147117749195,0.9925082807867212
2024-01-22,Curve_3Pool,0.06847277307647469,100163476.12626636,0.9940106214680836,0.9964723266445771
2024-01-23,Curve_3Pool,0.06852433607313543,94408470.91396728,0.9995297397569214,1.001716116651515
2024-01-24,Curve_3Pool,0.0686728106655312,98077249.44991042,1.0071296698980918,1.0097152707892094
2024-01-25,Curve_3Pool,0.06902273495415653,103306890.94945854,1.003611073945823,1.0066008309481829
2024-01-26,Curve_3Pool,0.06865846611065479,96792286.39608577,1.0037981809687182,1.0064900341478071
2024-01-27,Curve_3Pool,0.06905359247116348,101156410.11371683,1.0039743060913833,1.0069581853579581
2024-01-28,Curve_3Pool,0.06843574111356499,98503310.4612414,1.0036907703429738,1.0066476226447336
2024-01-29,Curve_3Pool,0.06858350670133918,103360571.57548219,1.0010940754512063,1.0041453320486016
2024-01-30,Curve_3Pool,0.06866394013481802,102375640.33674005,0.9950135409084424,0.9981836416445978
2024-01-31,Curve_3Pool,0.06838660824513158,96540331.51912695,0.9955274033130352,0.9989961121502596
2024-02-01,Curve_3Pool,0.06837639987123505,99156741.23299773,0.9924567786195406,0.9959394167736899
2024-02-02,Curve_3Pool,0.06809625680253555,105218716.98860247,0.9929415210879102,0.9968459227747768
2024-02-03,Curve_3Pool,0.06761399120544775,101966884.35127048,0.9897724015327831,0.993756216231698
2024-02-04,Curve_3Pool,0.06745486457172162,93015189.71124434,0.9853516066626664,0.9895021400407819
2024-02-05,Curve_3Pool,0.06695806968580437,103278090.30585691,0.986445281551982,0.990353831361177
2024-02-06,Curve_3Pool,0.06710332854464633,94576946.88781881,0.9871954492117877,0.9917462768836407
2024-02-07,Curve_3Pool,0.06658579007227777,107062565.34980503,0.9897198693731818,0.9944218327738988
2024-02-08,Curve_3Pool,0.06690617973262374,105120494.19920513,0.9989485033600266,1.003907984489309
2024-02-09,Curve_3Pool,0.06637451415205577,101449427.379592,1.0002373172759307,1.0047206267431434
2024-02-10,Curve_3Pool,0.06611968144004432,100786164.21718097,1.002399609975609,1.0066452085139732
2024-02-11,Curve_3Pool,0.06583860990634749,98954838.7198629,0.9980147568735548,1.0026124115073316
2024-02-12,Curve_3Pool,0.06643492593434117,103392619.75700013,0.9927784195542929,0.997437397221287
2024-02-13,Curve_3Pool,0.06658355640986863,98146109.1526897,0.999508484114432,1.0036251933587577
2024-02-14,Curve_3Pool,0.06648827619872366,101177849.35319947,0.9957785466783313,1.0001900653547162
2024-02-15,Curve_3Pool,0.06671269994720504,104359671.83259726,0.9915622274830683,0.9957933085884788
2024-02-16,Curve_3Pool,0.06576446339090668,97190967.28237206,0.9915270243692033,0.9961777629393406
2024-02-17,Curve_3Pool,0.06574505327556826,96919036.30004653,0.9912797170584586,0.9959031747203883
2024-02-18,Curve_3Pool,0.06664393465558041,94028172.5963777,0.9876672238927542,0.9923344870415116
2024-02-19,Curve_3Pool,0.0667034905834616,94677636.26936914,0.9865332205302215,0.9915440482554144
2024-02-20,Curve_3Pool,0.0667340515095878,90858023.44279249,0.9917520203036678,0.9965223283656879
2024-02-21,Curve_3Pool,0.06698070928042679,103649143.94507764,0.9885372299627809,0.9929976351353969
2024-02-22,Curve_3Pool,0.06738373163991826,109044572.71041386,0.9829110935110117,0.9872881707002681
2024-02-23,Curve_3Pool,0.06648487162811782,107126644.71735153,0.9869248528462141,0.991564711234757
2024-02-24,Curve_3Pool,0.06572782471131186,91869577.55686742,0.9890882494422008,0.9933433721542017
2024-02-25,Curve_3Pool,0.06582245579230062,103624273.357781,0.9866480828065748,0.9903989788191826
2024-02-26,Curve_3Pool,0.06550076133944674,107110531.74961779,0.9802586742301724,0.9842275177883223
2024-02-27,Curve_3Pool,0.0660911727074457,97715950.09630668,0.9773322636877227,0.981112465829995
2024-02-28,Curve_3Pool,0.06594934423199734,100507237.15325025,0.9772337049829638,0.9808985369682329
2024-02-29,Curve_3Pool,0.06507880540092645,89960534.74597664,0.982141286831157,0.9852774282335509
2024-03-01,Curve_3Pool,0.06450819913834666,101333680.83988321,0.9780128601308975,0.9809366036259545
2024-03-02,Curve_3Pool,0.06327084492951289,94682201.35282642,0.9777921488613747,0.9807130127729776
2024-03-03,Curve_3Pool,0.06316548843773558,100998175.08955757,0.9806861059631055,0.9838893373043269
2024-03-04,Curve_3Pool,0.0630807155804666,92193985.3890556,0.9710804869820042,0.9740276653605415
2024-03-05,Curve_3Pool,0.06288970736106475,102714291.12238798,0.9754183365833193,0.978863670625514
2024-03-06,Curve_3Pool,0.06337520292862814,105122563.37713344,0.9707250611423123,0.9739544630762221
2024-03-07,Curve_3Pool,0.06391453685506064,96084100.69142416,0.9722001435135602,0.9752352221578221
2024-03-08,Curve_3Pool,0.0638378620645504,94315387.09294783,0.9733296966815874,0.9768172083674661
2024-03-09,Curve_3Pool,0.0628772499141858,89219884.7872501,0.9778855876872299,0.9814514586153147
2024-03-10,Curve_3Pool,0.06315502662540733,98667932.32962412,0.980269792619861,0.9836820176283865
2024-03-11,Curve_3Pool,0.06340493872823619,97092030.32859197,0.9706844156472321,0.9740180992852051
2024-03-12,Curve_3Pool,0.06354416493480682,92244902.93825972,0.9676238694566813,0.9713398219521451
2024-03-13,Curve_3Pool,0.06398583082199547,102265093.78156085,0.9683081615280894,0.9724526627478928
2024-03-14,Curve_3Pool,0.063461658178588,97750148.09067675,0.967641964413852,0.9715465052051592
2024-03-15,Curve_3Pool,0.0643655981023713,94621320.20677383,0.9697034563123924,0.9736039709845061
2024-03-16,Curve_3Pool,0.06393385561345746,97227137.97179776,0.9730387585910152,0.9769790069387697
2024-03-17,Curve_3Pool,0.06427100593069784,105356522.69464807,0.9756461410176973,0.979308281359991
2024-03-18,Curve_3Pool,0.06351169946821184,103014684.7187761,0.9748961245216403,0.9785391634940107
2024-03-19,Curve_3Pool,0.06309308035894032,99349869.69250755,0.9675119825209484,0.9711289730538627
2024-03-20,Curve_3Pool,0.06377544624996673,103095525.09232426,0.9657922517508051,0.969733174808505
2024-03-21,Curve_3Pool,0.06365804132961633,94195440.2180663,0.9676016329437441,0.9719004311246823
2024-03-22,Curve_3Pool,0.06403600650192609,100161850.50363515,0.9633170181406656,0.9675016410062732
2024-03-23,Curve_3Pool,0.06414263642684975,100736611.65243235,0.9659906640783492,0.9701248981671673
2024-03-24,Curve_3Pool,0.06409540525664968,97650817.45750636,0.9697964334902136,0.9741402239523064
2024-03-25,Curve_3Pool,0.06470913790286939,102177291.67978708,0.9704361872044382,0.974612476756918
2024-03-26,Curve_3Pool,0.06460264143177603,96097832.72677775,0.9581885948792449,0.9624813851822546
2024-03-27,Curve_3Pool,0.06380130928337248,102549103.53888059,0.9531964154850505,0.9574417026306515
2024-03-28,Curve_3Pool,0.06343985124199421,102759293.85765646,0.9608779676137778,0.9648780242598287
2024-03-29,Curve_3Pool,0.06368788751990997,85414200.59651467,0.9588043770163392,0.9625205757052575
2024-03-30,Curve_3Pool,0.0638658666177731,105951528.51755059,0.9509931909121607,0.9550919573690378
2024-03-31,Curve_3Pool,0.06316069040516716,84761837.17323624,0.9560474885571023,0.9601231750526936
2024-04-01,Curve_3Pool,0.06283473627143346,96919754.87221937,0.9562235554314519,0.9607705560776013
2024-04-02,Curve_3Pool,0.06257296166429245,105126740.17128877,0.9607812616999095,0.9652018873623476
2024-04-03,Curve_3Pool,0.06240850034694105,98413566.3737378,0.9620195005601968,0.9665298669758802
2024-04-04,Curve_3Pool,0.06178933923207035,92669070.0876523,0.963992107238848,0.9692036785366372
2024-04-05,Curve_3Pool,0.06150657223341659,94531314.69141665,0.9655823473086036,0.9704962176310938
2024-04-06,Curve_3Pool,0.0611786975150498,105134528.7316031,0.9685307803053531,0.9729082277422607
2024-04-07,Curve_3Pool,0.06152588748194266,90392477.34725681,0.9779367308606743,0.9827341512911779
2024-04-08,Curve_3Pool,0.06188999207188827,105644955.50481008,0.9820470094220654,0.986621003839263
2024-04-09,Curve_3Pool,0.061824377365748306,99724489.50478855,0.9756948640619948,0.9802332117196892
2024-04-10,Curve_3Pool,0.06164795945760647,94038023.34778783,0.9776468042975884,0.9820223848914209
2024-04-11,Curve_3Pool,0.06171092539802407,97084424.63848655,0.9824569342079085,0.986933080655082
2024-04-12,Curve_3Pool,0.061343466599669064,94913878.2944918,0.9875438571416462,0.9917615711281762
2024-04-13,Curve_3Pool,0.060827392162693714,104331126.00429264,0.9859077252000361,0.9900652301124244
2024-04-14,Curve_3Pool,0.06040429261867714,103662139.04881419,0.9908558481399213,0.9951679295897127
2024-04-15,Curve_3Pool,0.06011862669488999,91404194.33061977,0.9948401812973716,0.9988686702110915
2024-04-16,Curve_3Pool,0.05959506348498347,97982039.40740333,1.0057436116334222,1.0096050212004142
2024-04-17,Curve_3Pool,0.059667990286561765,95684071.68827862,1.0027185368942826,1.0064638339550245
2024-04-18,Curve_3Pool,0.05999636233976443,106467549.84229685,1.0007186408328657,1.0040275153241573
2024-04-19,Curve_3Pool,0.059282168104405224,93249504.40936789,0.9995648563497467,1.0027432027221777
2024-04-20,Curve_3Pool,0.05929347602445244,108021145.52342507,0.9976430108908767,1.0008508012749497
2024-04-21,Curve_3Pool,0.05919450491658259,99833526.30241531,0.9940592989451498,0.9971364137707908
2024-04-22,Curve_3Pool,0.05934818382507415,94190327.96809956,0.9827518800414303,0.9857139839757436
2024-04-23,Curve_3Pool,0.059342361379427534,96613629.07995361,0.9810904328704027,0.9840416714495028
2024-04-24,Curve_3Pool,0.0586882417034583,95991905.79615775,0.982735004648447,0.9854978636818086
2024-04-25,Curve_3Pool,0.058120166518972574,93626907.98992246,0.9808331974201687,0.9837940548486954
2024-04-26,Curve_3Pool,0.058133407127985814,100474134.29865187,0.9889411542123435,0.9923525166236624
2024-04-27,Curve_3Pool,0.05859635854187129,93860422.24654078,0.9891233625773662,0.9923975546697514
2024-04-28,Curve_3Pool,0.05759997422490194,89098168.95630905,0.9946126069710592,0.9980497448210639
2024-04-29,Curve_3Pool,0.05775555118581265,98101617.64575914,0.9958296515531657,0.9991994098509904
2024-04-30,Curve_3Pool,0.058290881088192095,90985719.01791058,0.9994098156494119,1.0029012702499274
2024-05-01,Curve_3Pool,0.0582220194438993,96239195.6596624,1.0007074043687698,1.004673458267927
2024-05-02,Curve_3Pool,0.0584696105671112,95454485.55698322,1.0065886205156378,1.0107315864186432
2024-05-03,Curve_3Pool,0.05815322948070718,95643919.63987093,1.0069535338810676,1.0105622779010028
2024-05-04,Curve_3Pool,0.05809951469103259,110004815.50795077,1.009176993050331,1.0129311541399708
2024-05-05,Curve_3Pool,0.05737010360779392,100282057.83584785,1.0108558404841086,1.0149901211785584
2024-05-06,Curve_3Pool,0.056315149119005425,101226855.04497667,1.0097657709345202,1.0138284653053544
2024-05-07,Curve_3Pool,0.0567393937295568,91118008.51828852,1.0116093035540785,1.0159815732289512
2024-05-08,Curve_3Pool,0.0562961460120808,96730184.33181539,1.0212495244410593,1.025452025998448
2024-05-09,Curve_3Pool,0.05609115848182926,101076513.14970756,1.0202246650359976,1.0239682741295328
2024-05-10,Curve_3Pool,0.055467259467857674,94877355.43543497,1.0221492780432473,1.0259432380487448
2024-05-11,Curve_3Pool,0.05483277310146993,104540314.21758993,1.0276787083356638,1.0309516640718275
2024-05-12,Curve_3Pool,0.05475454613642735,93986517.07049485,1.0327296925096692,1.035944449049444
2024-05-13,Curve_3Pool,0.05442623639906631,98568169.32067412,1.0329127914769047,1.03652687673065
2024-05-14,Curve_3Pool,0.05459632334816392,97069741.8001222,1.0227865374091507,1.0257792077140113
2024-05-15,Curve_3Pool,0.05479996563670474,100821603.29690959,1.0251333051811664,1.0277393456875976
2024-05-16,Curve_3Pool,0.054944347977550816,96797549.64072287,1.0157802839015515,1.018048052242232
2024-05-17,Curve_3Pool,0.05505171833346861,98645531.86464532,1.022182954021064,1.0244455992233348
2024-05-18,Curve_3Pool,0.05576171402568796,98819349.54111007,1.0230397720181614,1.025192070978205
2024-05-19,Curve_3Pool,0.055281296829617764,96328061.2130435,1.027462951284672,1.0300558240886266
2024-05-20,Curve_3Pool,0.05525657613982645,102425469.34248556,1.0237202913931864,1.026596815064617
2024-05-21,Curve_3Pool,0.05576628655906027,101191941.87418713,1.017217134438848,1.0202265251053548
2024-05-22,Curve_3Pool,0.056335329473262384,99556930.27373417,1.0184589983454388,1.0215165585611015
2024-05-23,Curve_3Pool,0.055695535831057325,97847708.33269021,1.018446276266151,1.0216239433089302
2024-05-24,Curve_3Pool,0.05555497588231219,103982720.15259999,1.0164825149972774,1.0193911978860857
2024-05-25,Curve_3Pool,0.056166130375452455,98820828.78092909,1.0169733191353216,1.0201449344864815
2024-05-26,Curve_3Pool,0.056394765972792034,98466513.56087032,1.0289588216614969,1.0318245416477831
2024-05-27,Curve_3Pool,0.05648263433695793,100523450.14944063,1.0326931953518712,1.035828122262876
2024-05-28,Curve_3Pool,0.05638467622491233,108482933.41485426,1.037374521925333,1.0408928020528818
2024-05-29,Curve_3Pool,0.056211965808343846,93298218.95989399,1.041180469552816,1.0447775220730209
2024-05-30,Curve_3Pool,0.05634166438673449,103849284.46527678,1.0477850318071662,1.051349511634675
2024-05-31,Curve_3Pool,0.056228096030491476,90534144.19380948,1.047085674638039,1.0507735229402149
2024-06-01,Curve_3Pool,0.056208935651021474,101086365.79114312,1.0382482174201362,1.041013650187955
2024-06-02,Curve_3Pool,0.056244305068773245,107875414.13804366,1.0375616798872422,1.0404193674870457
2024-06-03,Curve_3Pool,0.05593917288095117,102443342.62233654,1.0412279066211703,1.0440602836633346
2024-06-04,Curve_3Pool,0.056178631099197816,100853125.39269896,1.0371410957895757,1.0399466032265245
2024-06-05,Curve_3Pool,0.057490041190984754,97197752.65598463,1.0365083278226481,1.0395318216474194
2024-06-06,Curve_3Pool,0.056690397203288015,100155236.00244278,1.0336427318661559,1.0366346814444933
2024-06-07,Curve_3Pool,0.05683620283917351,98739685.92298321,1.0402977803844842,1.0429531470572515
2024-06-08,Curve_3Pool,0.056494117299295,96070116.96034323,1.0437014576772818,1.046321237605797
2024-06-09,Curve_3Pool,0.056753948459178666,98550621.92262565,1.0466870266162505,1.049335513412793
2024-06-10,Curve_3Pool,0.0567748993221762,100991905.80313219,1.0495495481950652,1.0522414668298083
2024-06-11,Curve_3Pool,0.05711773397049531,96163914.6573468,1.0495204151810125,1.0522632403989325
2024-06-12,Curve_3Pool,0.05764671192992426,95968590.89657658,1.0505236740529234,1.053596685732096
2024-06-13,Curve_3Pool,0.057733301432919944,93198782.81203912,1.0454570565816679,1.0481746265496368
2024-06-14,Curve_3Pool,0.05824272496270632,101953625.13044448,1.0360619044657455,1.0388096635601363
2024-06-15,Curve_3Pool,0.05718779091050141,102726616.3098353,1.0368461556218023,1.0399972322380167
2024-06-16,Curve_3Pool,0.05790349444456362,101158302.22118258,1.038386905052863,1.0410023047977737
2024-06-17,Curve_3Pool,0.05807227241291518,104825852.46364333,1.0437921080391555,1.046477376081362
2024-06-18,Curve_3Pool,0.058557301923000515,100439338.18540365,1.0508174200987486,1.0533362237375667
2024-06-19,Curve_3Pool,0.05800835783782183,101960054.68682878,1.0578840923954018,1.060302184223682
2024-06-20,Curve_3Pool,0.05763451139109943,101519187.12818782,1.0536073818340452,1.055729704477325
2024-06-21,Curve_3Pool,0.057700183623464574,99542299.90290897,1.0521892834095425,1.0542552296877699
2024-06-22,Curve_3Pool,0.057692516573262714,97345890.85935177,1.0544429227860945,1.057095743712096
2024-06-23,Curve_3Pool,0.05781989743786721,111070763.07895955,1.065818327991594,1.0680954718222961
2024-06-24,Curve_3Pool,0.0583079292602857,97740245.10073246,1.0725820378079232,1.074497281646465
2024-06-25,Curve_3Pool,0.05751358011839942,96670611.44439782,1.0777595915693283,1.0792631289063028
2024-06-26,Curve_3Pool,0.05795179870067221,102170049.11725053,1.0761488982774903,1.078207876389414
2024-06-27,Curve_3Pool,0.05795552556015327,101259272.07647502,1.0723138068904337,1.0742167154097284
2024-06-28,Curve_3Pool,0.05786382372264723,92976042.26194836,1.0759999716250683,1.0779011452565919
2024-06-29,Curve_3Pool,0.05720182186717403,105613391.2728187,1.0711895447760422,1.0729527818496858
2024-06-30,Curve_3Pool,0.057428193767943614,99529027.12324584,1.0702577934499453,1.0717162640257374
2024-07-01,Curve_3Pool,0.05634184523497965,94445344.5239214,1.069880699963834,1.0712631817221443
2024-07-02,Curve_3Pool,0.056633622540037065,105943920.57176937,1.0771789199105497,1.0793652227629584
2024-07-03,Curve_3Pool,0.05596217491407422,103128377.85798077,1.0757181393811073,1.078350720133585
2024-07-04,Curve_3Pool,0.05598623097475209,93677290.04026043,1.0649231122046199,1.0672567805718098
2024-07-05,Curve_3Pool,0.05593260499795452,108885914.20128863,1.0673117754280428,1.0698580273422305
2024-07-06,Curve_3Pool,0.05645889716423677,103293986.84183097,1.0643286969167476,1.066602328130241
2024-07-07,Curve_3Pool,0.05637850233818052,99949019.42187478,1.0646552106200877,1.0663621736171105
2024-07-08,Curve_3Pool,0.056066139985664974,107951094.0281089,1.0644052085343474,1.0664373225219972
2024-07-09,Curve_3Pool,0.05583816877247793,100796488.9191482,1.0633223159867453,1.0657224283489568
2024-07-10,Curve_3Pool,0.05641096601841753,99859584.62447985,1.0669839728546848,1.0697271865401352
2024-07-11,Curve_3Pool,0.05665229965454893,96698499.41989006,1.0602931913065754,1.0628697445285153
2024-07-12,Curve_3Pool,0.05647876616286351,102909252.1965354,1.0581358668030019,1.0606542362276934
2024-07-13,Curve_3Pool,0.05637236527387948,102383014.8366199,1.0613071378750827,1.064071774403242
2024-07-14,Curve_3Pool,0.05566713558311603,100073400.69944856,1.0587173235171163,1.0615995588372376
2024-07-15,Curve_3Pool,0.05584194897349922,96050068.23066199,1.0517438741880862,1.0544829233601667
2024-07-16,Curve_3Pool,0.05505003190503626,100649649.27083036,1.0548275998731496,1.057062327477725
2024-07-17,Curve_3Pool,0.05538834031466222,99651006.07118931,1.0599358602398994,1.062217620179445
2024-07-18,Curve_3Pool,0.055446220031283286,93332628.40632899,1.05987206105228,1.0624967673002166
2024-07-19,Curve_3Pool,-0.003043895497672533,92640938.24337907,1.0513400567012956,1.0535659122171854
2024-07-20,Curve_3Pool,-0.0031924137974253183,102825766.89404884,1.0150407636607095,1.0173842777946565
2024-07-21,Curve_3Pool,-0.003206273179715804,86990558.42474155,0.9688611816455792,0.9711944422692113
2024-07-22,Curve_3Pool,-0.00296350434009119,101027052.6348063,0.9309051651646469,0.9333565132526989
2024-07-23,Curve_3Pool,-0.0028026667386518503,97609584.71123087,0.8883779729282218,0.8909497275138398
2024-07-24,Curve_3Pool,0.034206689268769734,106541233.03439955,0.8936390481961013,0.896039852627165
2024-07-25,Curve_3Pool,0.03426716047443056,97532658.95423062,0.9053206043816712,0.9073136318787678
2024-07-26,Curve_3Pool,0.03426770030066264,103297421.07125948,0.9170021605672412,0.9188741329808445
2024-07-27,Curve_3Pool,0.03434382838485906,98015430.79381104,0.928683716752811,0.9308272513673255
2024-07-28,Curve_3Pool,0.03415518466714315,100568740.76743072,0.940365272938381,0.9423828657578472
2024-07-29,Curve_3Pool,0.056885113597356596,103684182.65460026,0.952046829123951,0.9538912566845293
2024-07-30,Curve_3Pool,0.05616599002848208,97687221.4183771,0.963728385309521,0.9650688577758808
2024-07-31,Curve_3Pool,0.05622679558182271,104982774.42249203,0.9754099414950909,0.9772795270671518
2024-08-01,Curve_3Pool,0.05642930488486254,95031510.61446759,0.9870914976806608,0.9892279899735846
2024-08-02,Curve_3Pool,0.05632696614917279,101472964.21279189,0.9987730538662308,1.0011655154997285
2024-08-03,Curve_3Pool,0.05560019324840963,104613198.61393927,1.0282234631393128,1.0309849816872207
2024-08-04,Curve_3Pool,0.05604503258669279,103300187.45895168,1.029608005671673,1.0325513777745605
2024-08-05,Curve_3Pool,0.056209068853789554,109582224.38367705,1.0282122094186683,1.0310762247422343
2024-08-06,Curve_3Pool,0.05588236205982411,96182803.4134467,1.0181797591074309,1.0209658073327417
2024-08-07,Curve_3Pool,0.055756091858746984,93104253.74325706,1.0160285554637671,1.0186783920631968
2024-08-08,Curve_3Pool,0.05508079062749516,95028324.4575244,1.0123321126498774,1.0157724786045512
2024-08-09,Curve_3Pool,0.0546193560699951,103302212.83274218,1.019164210088895,1.0227977643187145
2024-08-10,Curve_3Pool,0.05437734096413439,102489614.67134689,1.0120529667937928,1.0155203506259736
2024-08-11,Curve_3Pool,0.05493013032966046,100511283.29823709,1.0060921093611948,1.0096795705529829
2024-08-12,Curve_3Pool,0.05464235380376109,94385214.75446436,1.0109087956810132,1.014206863031704
2024-08-13,Curve_3Pool,0.05493044995045904,103834336.4666453,1.0167987804691954,1.020574997942609
2024-08-14,Curve_3Pool,0.05468820765917132,93876476.1117473,1.0137617586612733,1.0173256471822572
2024-08-15,Curve_3Pool,0.05479978406155467,105794747.9118845,1.0112117396897862,1.0149186746379069
2024-08-16,Curve_3Pool,0.05473615608558996,114287192.11569932,1.0139544590396818,1.0179957041744725
2024-08-17,Curve_3Pool,0.05512903155563169,101832255.73285775,1.004250742401894,1.0083692333622158
2024-08-18,Curve_3Pool,0.05488836645343334,102915540.67828871,0.9965822601173856,1.000697546319274
2024-08-19,Curve_3Pool,0.054180728740932244,97535701.1555222,0.9955390645206522,0.9996532691204892
2024-08-20,Curve_3Pool,0.053558851676818606,90948933.39456591,1.0021496095385083,1.0062741644144129
2024-08-21,Curve_3Pool,0.053319506804544364,96986403.18484889,1.0004510508890285,1.0043955274112133
2024-08-22,Curve_3Pool,0.052757429817739246,94535523.79450625,1.0010023322254722,1.0048140020951215
2024-08-23,Curve_3Pool,0.05294202522479505,92764977.11792493,1.0058949762193798,1.0101717703159188
2024-08-24,Curve_3Pool,0.05273242955060891,108611799.70997825,1.0149387227352547,1.0192209209930045
2024-08-25,Curve_3Pool,0.0538010024981208,101364312.59012887,1.0126199355378585,1.0166536365496548
2024-08-26,Curve_3Pool,0.053019030930309095,101898437.90306991,1.0126783828384662,1.0165554636463794
2024-08-27,Curve_3Pool,0.053110665860728504,98454888.17401876,1.0205651704976748,1.0248093461936807
2024-08-28,Curve_3Pool,0.052603087000150955,99135644.58778282,1.0142107640087163,1.0186340761934238
2024-08-29,Curve_3Pool,0.05238105639697875,104822753.41119666,1.0187148082408675,1.0233290087575453
2024-08-30,Curve_3Pool,0.05244469515998199,99838314.40652393,1.0145102405460793,1.0190270193868616
2024-08-31,Curve_3Pool,0.05139827804128856,102653469.69012366,1.0150757959293353,1.0197696946323396
2024-09-01,Curve_3Pool,0.05150484979384318,99019978.51077493,1.0141750909347422,1.0186690195121106
2024-09-02,Curve_3Pool,0.05236115815186655,98289235.54633977,1.0102443309480529,1.0146421597866484
2024-09-03,Curve_3Pool,0.05215711091760068,92965429.1719907,1.0062230834906556,1.0108961588011058
2024-09-04,Curve_3Pool,0.05227402445316316,90111254.68816435,1.007517590632631,1.0124609329019687
2024-09-05,Curve_3Pool,0.05273523921506959,98692190.49466799,1.0118561397379888,1.016522703462366
2024-09-06,Curve_3Pool,0.052661460140057445,100282483.45996617,1.011436269056422,1.0158413032405962
2024-09-07,Curve_3Pool,0.052400028055218276,93569349.81645605,1.0118629934005108,1.0163028835716368
2024-09-08,Curve_3Pool,0.05137594667354349,99827625.67482683,1.0144160515100784,1.0193924490011406
2024-09-09,Curve_3Pool,0.05166439249727123,100268762.81495251,1.0104267833042535,1.0148029492298334
2024-09-10,Curve_3Pool,0.05161346671289323,89219959.96970311,1.0136912793119994,1.0181662268961837
2024-09-11,Curve_3Pool,0.051157758979768556,95424376.70260249,1.0173055657886236,1.0213765117049636
2024-09-12,Curve_3Pool,0.051214727499393514,102036319.46867734,1.028589196755224,1.0325095565115134
2024-09-13,Curve_3Pool,0.05095207133883073,101935293.64697872,1.0271022370090674,1.0309046378013378
2024-09-14,Curve_3Pool,0.05071427957982875,94231625.4180012,1.0252654211811059,1.0289316821598642
2024-09-15,Curve_3Pool,0.05098711060007767,100792240.25249867,1.0287039477970497,1.032217769254158
2024-09-16,Curve_3Pool,0.05038483851498193,105112036.12680236,1.0323707286294894,1.0358993070931664
2024-09-17,Curve_3Pool,0.05085613039371513,103885364.7949545,1.03019225026048,1.0335479579805964
2024-09-18,Curve_3Pool,0.050227171620311845,99523571.06493032,1.0285864230466597,1.031485620865261
2024-09-19,Curve_3Pool,0.049928955986551976,97660118.43337853,1.0310519591455494,1.0341993322095917
2024-09-20,Curve_3Pool,0.05079428177388194,96853277.57832748,1.0276168675926929,1.030985853991486
2024-09-21,Curve_3Pool,0.05130159141662102,102339098.91454828,1.0259833857231055,1.0296065416898192
2024-09-22,Curve_3Pool,0.05134551321324397,100975519.86571445,1.0264999743869945,1.029650485457743
2024-09-23,Curve_3Pool,0.05092227461626843,103147020.030511,1.0309219889681154,1.034178520377361
2024-09-24,Curve_3Pool,0.050684102078253475,100659369.06560576,1.028447172249309,1.0319044486382243
2024-09-25,Curve_3Pool,0.05071707596981703,104093819.7517372,1.0206743122092408,1.0237897025476501
2024-09-26,Curve_3Pool,0.05073396142436985,100472962.6647885,1.0126454608691586,1.015739131628126
2024-09-27,Curve_3Pool,0.05069306950603818,103923443.58065844,1.0074483404066477,1.0104909939714228
2024-09-28,Curve_3Pool,0.050679194874700295,104354113.8518332,1.0020523136054722,1.0056324497134221
2024-09-29,Curve_3Pool,0.050582726075332984,95977366.84887594,1.001532186507127,1.0056886977202721
2024-09-30,Curve_3Pool,0.04993383564429499,90959279.76564626,0.9966864286124756,1.0003251767629553
2024-10-01,Curve_3Pool,0.049701405810322605,107717464.28007276,0.9938852076001286,0.9982573320734639
2024-10-02,Curve_3Pool,0.05011298663461669,101283293.65356131,0.990795873996427,0.994882367857876
2024-10-03,Curve_3Pool,0.049497236200718685,91427570.5225194,0.9890967704987121,0.9934672507192613
2024-10-04,Curve_3Pool,0.049411936220526004,96430902.51390645,0.994716961677689,0.9994018868410247
2024-10-05,Curve_3Pool,0.049043046952579133,103859371.46184914,0.9976058803797916,1.0020064198657912
2024-10-06,Curve_3Pool,0.04909315464580828,98601615.84433554,0.9978011901773057,1.0023502461519203
2024-10-07,Curve_3Pool,0.04891826971432821,97439692.90340437,0.9960044943083377,1.0005132277740318
2024-10-08,Curve_3Pool,0.04958309686356681,107004409.30156483,0.9943267494479986,0.9989932436095172
2024-10-09,Curve_3Pool,0.04981105928295243,94763564.26808095,0.9958199780708655,1.000562392558738
2024-10-10,Curve_3Pool,0.04922074785835269,96009233.21122584,0.9983868835513048,1.0034998453624346
2024-10-11,Curve_3Pool,0.04952280046357885,101056932.37524134,0.9947272007994062,0.9998439211522221
2024-10-12,Curve_3Pool,0.04917420712826091,101952274.66026941,0.995006736906496,1.0000747844000952
2024-10-13,Curve_3Pool,0.04891455876114102,102481715.17170365,0.9867044391142857,0.9920546464485862
2024-10-14,Curve_3Pool,0.04905577732018923,104556190.22284473,0.9877062033111516,0.993233820719769
2024-10-15,Curve_3Pool,0.048834490981310666,100992893.10340759,0.9909904770026353,0.9967540406131782
2024-10-16,Curve_3Pool,0.049236276098655996,102446919.69469205,0.9899558904400615,0.995516063486515
2024-10-17,Curve_3Pool,0.04888774657097497,98703953.70342459,0.9976426197029207,1.0029331263205432
2024-10-18,Curve_3Pool,0.04860922062230886,100313491.51618357,0.9940954662884273,0.9991978513211252
2024-10-19,Curve_3Pool,0.04831385372021221,100537670.90026817,0.9951285968645918,1.0000509455031557
2024-10-20,Curve_3Pool,0.04805931628345245,101075490.67909518,0.9951069102063463,1.0002638572705638
2024-10-21,Curve_3Pool,0.04855395248344896,103862699.0379138,0.9948166137869443,1.0002633339911151
2024-10-22,Curve_3Pool,0.04883691081557359,102775728.40972416,0.9944679991389769,0.9998665290105808
2024-10-23,Curve_3Pool,0.049606385594879024,100221085.01450092,0.9950416840460942,1.0008704754220914
2024-10-24,Curve_3Pool,0.05062682548663369,95954370.07529481,0.9987091390030275,1.0049694245970917
2024-10-25,Curve_3Pool,0.05016300282226414,100338356.29031354,1.0046162674278687,1.0109869378843221
2024-10-26,Curve_3Pool,0.050194691429561414,99859911.07552128,1.004735619437194,1.0108593115706486
2024-10-27,Curve_3Pool,0.04966540128707187,100965907.89906599,1.008300971921924,1.0149229304123448
2024-10-28,Curve_3Pool,0.04931547861958516,111032626.535702,1.0054712676682362,1.0120562368811568
2024-10-29,Curve_3Pool,0.0490319414899701,97381136.10729383,1.008830691617229,1.0154758459549835
2024-10-30,Curve_3Pool,0.048556221796607874,102111445.0956268,1.005745835885868,1.0122682034178756
2024-10-31,Curve_3Pool,0.04808287252380359,105342310.33622149,1.0104791564940865,1.0167624857345863
2024-11-01,Curve_3Pool,0.04801794455346947,100490009.57049692,1.0200071820119028,1.025900351286569
2024-11-02,Curve_3Pool,0.04747042126519559,111689225.59586082,1.0196166003422211,1.025701097916066
2024-11-03,Curve_3Pool,0.04784937839680753,98109803.54134262,1.0104278510757831,1.0162200442965246
2024-11-04,Curve_3Pool,0.04743638930496964,101620446.11160024,1.0082408497798356,1.0149459295082786
2024-11-05,Curve_3Pool,0.04870069534151303,96005971.27553509,1.0135850919332132,1.0199954639483189
2024-11-06,Curve_3Pool,0.04849757233857904,98242376.32428354,1.0160654943566476,1.0221082786783002
2024-11-07,Curve_3Pool,0.04852998027744172,101244669.5519833,1.017255513473479,1.023461057549547
2024-11-08,Curve_3Pool,0.04794707674443201,104231520.31153865,1.021692163188906,1.0283935183521267
2024-11-09,Curve_3Pool,0.04871481803558944,101595474.17011787,1.0238981426030063,1.0306338069188035
2024-11-10,Curve_3Pool,0.04921859334195076,106295574.24667367,1.0292643900652334,1.036212052603602
2024-11-11,Curve_3Pool,0.04935220548378201,99525173.44703664,1.0333671712363437,1.0397710096435193
2024-11-12,Curve_3Pool,0.04874614433683121,98339157.35080497,1.0401061166438434,1.0463403115295082
2024-11-13,Curve_3Pool,0.04884094443180728,113519925.53639694,1.0418035376054482,1.047712357504648
2024-11-14,Curve_3Pool,0.04833630046109952,101971188.24721016,1.0458942661878656,1.0512316822852072
2024-11-15,Curve_3Pool,0.048994360329662534,96402592.27010727,1.0446839865862083,1.0500518885880454
2024-11-16,Curve_3Pool,0.04935849795899646,96528681.18875965,1.0421898264782297,1.0468436770928198
2024-11-17,Curve_3Pool,0.04940144552631594,95286600.4273433,1.0497995331653487,1.0540709523618799
2024-11-18,Curve_3Pool,0.04830507647785465,104682846.77928394,1.0508851172948996,1.0549915948218482
2024-11-19,Curve_3Pool,0.04786253928745808,98178113.53553379,1.0545681504334443,1.0584260256468665
2024-11-20,Curve_3Pool,0.048172031796678026,100636812.37828243,1.0552500088773022,1.0592358715228445
2024-11-21,Curve_3Pool,0.04871782945795344,99682456.62780866,1.0527965058687498,1.0568696153345931
2024-11-22,Curve_3Pool,0.04921695587312491,103657462.03970468,1.0529799283114656,1.0573360930526525
2024-11-23,Curve_3Pool,0.04850055002211626,95766279.5355799,1.0594664789697346,1.0640886160927825
2024-11-24,Curve_3Pool,0.04863624856018206,94622138.56928492,1.062068781115223,1.0670657578031135
2024-11-25,Curve_3Pool,0.04909323040759937,101121486.53590797,1.0546197733808826,1.0595810959318777
2024-11-26,Curve_3Pool,0.04834697940308737,103004796.42349948,1.0538047686573515,1.0588581955840217
2024-11-27,Curve_3Pool,0.04834342237116941,101662661.5654882,1.0618350438649544,1.0670899222135202
2024-11-28,Curve_3Pool,0.04846665145040821,95952731.35451336,1.0610208947308224,1.0663168341799272
2024-11-29,Curve_3Pool,0.048331307387227185,103387424.21045697,1.053186639666176,1.0583179795895403
2024-11-30,Curve_3Pool,0.04749783455229664,96280695.36452183,1.0617044823150874,1.0667714361849288
2024-12-01,Curve_3Pool,0.04735127040276346,97392306.77606808,1.0648791116690357,1.0697000361071713
2024-12-02,Curve_3Pool,0.047203982959148696,95280232.37639,1.0647034721486899,1.0696582705017912
2024-12-03,Curve_3Pool,0.047137350377102205,106505791.74326016,1.0631851682717774,1.0681029142499137
2024-12-04,Curve_3Pool,0.04688378823566093,103167107.70513675,1.068151653969934,1.0728798613065882
2024-12-05,Curve_3Pool,0.04668443276670227,103024966.87839437,1.0658668919578942,1.0703732262745036
2024-12-06,Curve_3Pool,0.04666656493964613,106236057.10571225,1.0711414647549318,1.0752811467387027
2024-12-07,Curve_3Pool,0.0468656695118825,114063246.24119362,1.073713791695388,1.0781787136852936
2024-12-08,Curve_3Pool,0.046728677468597005,91453869.48044923,1.074952280709768,1.0794477058944507
2024-12-09,Curve_3Pool,0.0465443354508314,96308117.09561446,1.0757454005762423,1.0799656966237725
2024-12-10,Curve_3Pool,0.04658589476804591,96919124.57912739,1.075095372991184,1.0795738986750998
2024-12-11,Curve_3Pool,0.045721482601393075,95745901.88808654,1.0799514649991178,1.0842686424555665
2024-12-12,Curve_3Pool,0.04593614840864498,94612083.76198144,1.076183289217989,1.080031307401042
2024-12-13,Curve_3Pool,0.04593589501493965,98501734.67972317,1.069036071032276,1.0731860505467756
2024-12-14,Curve_3Pool,0.04595375710190855,93916981.42355298,1.0719275696132982,1.0759160551540135
2024-12-15,Curve_3Pool,0.04638608754032607,101675211.83768706,1.0749024957294109,1.0787701925388615
2024-12-16,Curve_3Pool,0.04550732055180435,100258491.60714307,1.0772043634276112,1.0810936505695394
2024-12-17,Curve_3Pool,0.04461909531036781,102405143.32381828,1.0791834281338357,1.0834497797701421
2024-12-18,Curve_3Pool,0.0447423070407634,102538642.25819126,1.0778740848507808,1.0821417395440953
2024-12-19,Curve_3Pool,0.04473910445595557,103015034.26713338,1.0815729088760937,1.0854661286394076
2024-12-20,Curve_3Pool,0.04481568408039194,98132955.31588058,1.0815052580340827,1.0855746960339574
2024-12-21,Curve_3Pool,0.04460772689656434,110605717.01316833,1.0794399180796124,1.0833445295332944
2024-12-22,Curve_3Pool,0.044906686049972305,101172155.58241048,1.0781693109819703,1.0826799768296775
2024-12-23,Curve_3Pool,0.045326373529318315,90687576.23687603,1.087470055979948,1.092019267441933
2024-12-24,Curve_3Pool,0.045544165561596496,94988121.27116892,1.0797366233821186,1.0835295086854126
2024-12-25,Curve_3Pool,0.04542679275531443,91297485.05486092,1.0821374133232573,1.0860547474933975
2024-12-26,Curve_3Pool,0.044478332530887954,100086673.14575654,1.0746932783273844,1.0792106186042247
2024-12-27,Curve_3Pool,0.04482448882450466,99390973.87973334,1.0743440638778443,1.0793678604570802
2024-12-28,Curve_3Pool,0.04537426672430258,97657871.51050271,1.0725325847348353,1.0781370380022735
2024-12-29,Curve_3Pool,0.04566431800969537,110054630.56200257,1.063345577609553,1.0685767174894845
2024-12-30,Curve_3Pool,0.04526847891737999,102744914.37038456,1.065215807609724,1.070747639851378
2024-01-01,Convex_ETH,0.08967510245711847,105045499.01867002,1.0,0.9999660878887385
2024-01-02,Convex_ETH,0.08977603268685609,93205613.77038492,1.0025142388992192,1.0029339953962746
2024-01-03,Convex_ETH,0.08920320409392321,105366289.15894578,1.0106993623503464,1.011415916766041
2024-01-04,Convex_ETH,0.088913198999726,97969331.77264507,1.0176643625766657,1.0182878600375138
2024-01-05,Convex_ETH,0.08860888798591236,94857478.79529366,1.0237528928474553,1.0243817134908184
2024-01-06,Convex_ETH,0.08901323786197654,98914281.93461843,1.0272094922171002,1.0279006451499815
2024-01-07,Convex_ETH,0.08937356146672788,101386720.89860107,1.025053354167917,1.025854319625487
2024-01-08,Convex_ETH,0.08949813034492675,97526257.84737144,1.0438165805920696,1.0442073950038528
2024-01-09,Convex_ETH,0.08889044070680183,102769767.52997662,1.0350311909221588,1.034939760100049
2024-01-10,Convex_ETH,0.08875020296152446,97085030.58167966,1.035169053583095,1.0348020309759376
2024-01-11,Convex_ETH,0.08841445054420023,103101861.9696568,1.0354101227888717,1.03474334472491
2024-01-12,Convex_ETH,0.08880580463471276,102211110.310183,1.039439736396195,1.0385695984834606
2024-01-13,Convex_ETH,0.08933598781848048,99695384.72646032,1.0353381860003195,1.0346686236352653
2024-01-14,Convex_ETH,0.08981136133219439,97793088.43817025,1.0385091231969186,1.0377848798177194
2024-01-15,Convex_ETH,0.08947151259345672,100757703.97882633,1.0369544251571066,1.036292361681456
2024-01-16,Convex_ETH,0.08823872268842646,102751268.71516849,1.0217082792875953,1.0206806857275779
2024-01-17,Convex_ETH,0.08744358983426793,110308995.76365805,1.0218948611246645,1.0207255549696017
2024-01-18,Convex_ETH,0.08808332197440492,104697102.10899091,1.0114471160814826,1.0104679588094612
2024-01-19,Convex_ETH,0.08790275725171101,104879949.74907921,0.9951457743677058,0.9943600173542277
2024-01-20,Convex_ETH,0.0875649311734917,115442560.97430141,0.9965221885990693,0.9955187286137496
2024-01-21,Convex_ETH,0.08830412830553801,102579792.38383922,1.0012061130921837,1.0002464937836952
2024-01-22,Convex_ETH,0.08887345028100775,102423217.5565585,1.0062799803624065,1.0059792949108308
2024-01-23,Convex_ETH,0.08888445220587166,103520075.37160827,1.0117652920228546,1.011457626018921
2024-01-24,Convex_ETH,0.08875242081489287,94955170.11205873,0.9936016392037501,0.9930928710486279
2024-01-25,Convex_ETH,0.08869297526912696,97780491.81790622,0.9810328693189484,0.980479396947435
2024-01-26,Convex_ETH,0.08879519852840133,97469153.66653833,0.9995371857967519,0.9990009141213337
2024-01-27,Convex_ETH,0.08951521980499515,103238069.8860978,0.9898154843185388,0.9892395398890629
2024-01-28,Convex_ETH,0.0897053301459019,99129127.188894,0.9956206062287075,0.9950319187542219
2024-01-29,Convex_ETH,0.09003204321076952,100691117.12737152,0.9892892913459627,0.9882759514941191
2024-01-30,Convex_ETH,0.0905582147598511,105437273.10074233,0.9901238612269423,0.9888237294951547
2024-01-31,Convex_ETH,0.09003186055939011,104315753.6935207,0.9843252324442754,0.9829886165598843
2024-02-01,Convex_ETH,0.09037154841100342,99191394.98479377,0.9896383756603723,0.9882454783976724
2024-02-02,Convex_ETH,0.0902389924714057,96650024.51560889,0.9910062462011254,0.9894430945541813
2024-02-03,Convex_ETH,0.08910674963330796,105676373.65826595,0.9869208259289636,0.9853117088516157
2024-02-04,Convex_ETH,0.08814907333941434,103869455.90454933,0.9772945475952289,0.9757190144511781
2024-02-05,Convex_ETH,0.08769092041423093,91968715.90852308,0.9798539800308755,0.978535769324514
2024-02-06,Convex_ETH,0.0879299708670976,98434230.30545859,0.9688118025176914,0.9674796117508844
2024-02-07,Convex_ETH,0.08798118067150072,100827577.3100838,0.9728117075024713,0.9715904922397506
2024-02-08,Convex_ETH,0.08806414568972977,103894148.58560516,0.997277353497531,0.9958633876699724
2024-02-09,Convex_ETH,0.08894207025693879,104550507.47469886,1.010138092316648,1.0088792609032118
2024-02-10,Convex_ETH,0.08837097993025186,101419530.00587736,1.017092084044043,1.0159392322779774
2024-02-11,Convex_ETH,0.08835863492086919,102926237.65679428,1.016366182586237,1.015478149750395
2024-02-12,Convex_ETH,0.08849563090613541,100320684.01189077,0.9980619722096529,0.9974035556962464
2024-02-13,Convex_ETH,0.08816430800369315,96630741.5590972,0.9857964366116523,0.9853202236547486
2024-02-14,Convex_ETH,0.08817705503898049,98693678.04479373,0.9978754637686901,0.9973639532485972
2024-02-15,Convex_ETH,0.08745707783864252,100094955.93320054,0.9905697626456024,0.9901347858422632
2024-02-16,Convex_ETH,0.0880915356364163,99826603.74990705,0.9841563760495261,0.984038213206201
2024-02-17,Convex_ETH,0.0877848090877776,90572135.47778265,0.9827126011988313,0.9824023711336102
2024-02-18,Convex_ETH,0.08869893916192792,98012583.32535285,0.9730185079391287,0.9725279024580238
2024-02-19,Convex_ETH,0.08868432571616507,100281028.26544575,0.9619260190252082,0.9614933635605847
2024-02-20,Convex_ETH,0.0891469498205947,98593150.0404715,0.9615577244719957,0.961245029277239
2024-02-21,Convex_ETH,0.08912296352954868,98765881.02244207,0.9536030937798551,0.9530572242508701
2024-02-22,Convex_ETH,0.08910912880503144,102439956.85402294,0.9470562978348731,0.9464929345711047
2024-02-23,Convex_ETH,0.08884631560508154,94605214.06475683,0.9401985247319077,0.9396127276112335
2024-02-24,Convex_ETH,0.08889992137329636,91859788.93024394,0.9449246011867185,0.9437078776478623
2024-02-25,Convex_ETH,0.08904302078578269,98259151.04581663,0.9429476223336185,0.9416713247445245
2024-02-26,Convex_ETH,0.08869010445677085,103820572.02750894,0.9414496809570033,0.9401309788130656
2024-02-27,Convex_ETH,0.08863383446963391,108437765.19743319,0.9468471801192764,0.9454753857441579
2024-02-28,Convex_ETH,0.0883592899799082,103910641.1954737,0.9456684817930171,0.9447000907694648
2024-02-29,Convex_ETH,0.08939413881123488,92658681.20065576,0.943279906429877,0.9419699099428495
2024-03-01,Convex_ETH,0.08935375996477465,98838163.80311614,0.9475579312803578,0.9460075803141129
2024-03-02,Convex_ETH,0.0900491144330381,101283171.90540765,0.9536304164756892,0.9513228091766723
2024-03-03,Convex_ETH,0.08996108438417465,100887955.58461796,0.9523981030277772,0.949956070460714
2024-03-04,Convex_ETH,0.09007776382286535,102696522.76471438,0.9532099486296592,0.9506526950074422
2024-03-05,Convex_ETH,0.08948314999062498,95414755.2676962,0.9463022737009201,0.9436187740899075
2024-03-06,Convex_ETH,0.08928196732428445,100324715.4377537,0.9387466282019105,0.9363965032060433
2024-03-07,Convex_ETH,0.08937670792613961,102101614.14888065,0.9456616466282073,0.9435383659789687
2024-03-08,Convex_ETH,0.09009040965007155,104128354.7665183,0.9497221994086834,0.9476119843358449
2024-03-09,Convex_ETH,0.09019030190002587,95971409.16693604,0.9538932582850731,0.9516677178285788
2024-03-10,Convex_ETH,0.09081297606256272,98274215.66378552,0.9565092746377872,0.9545720987008933
2024-03-11,Convex_ETH,0.09110130416215403,86480911.5996333,0.9570143615677198,0.9550704901339166
2024-03-12,Convex_ETH,0.09183363476491314,96892690.16211113,0.9634035090292047,0.9612101627987649
2024-03-13,Convex_ETH,0.09180706576712587,97377925.53514479,0.9720188415578997,0.9693054132933624
2024-03-14,Convex_ETH,0.09288266598691917,94902077.45916279,0.9804905866157402,0.9776236977344706
2024-03-15,Convex_ETH,0.09266423769560782,100828060.75116326,0.9796507743352955,0.9770081271701242
2024-03-16,Convex_ETH,0.09231932987021887,99720272.83977365,0.9926285159995563,0.9906287880232374
2024-03-17,Convex_ETH,0.0917748060878588,88703930.61211194,0.9948595448333707,0.9928737103668238
2024-03-18,Convex_ETH,0.09282376719005994,101077539.84650879,1.0008973072107774,0.9986696081128537
2024-03-19,Convex_ETH,0.09319251859773799,95358379.34605487,1.0036538947740563,1.0010632718498516
2024-03-20,Convex_ETH,0.09304216426771685,102428444.79595257,1.0060854860016892,1.0036551808178529
2024-03-21,Convex_ETH,0.09360422448130992,93590743.76135667,0.999227961656679,0.9962852454329632
2024-03-22,Convex_ETH,0.09391368596461293,100150032.6926547,1.0059457409100159,1.0031493260876947
2024-03-23,Convex_ETH,0.09479844332673194,98584183.35556747,1.033372835754158,1.0307536770139958
2024-03-24,Convex_ETH,0.09410191855199898,101515509.42475165,1.0298256048571635,1.027350224357692
2024-03-25,Convex_ETH,0.09398250650325757,100623486.38825673,1.0306101040981697,1.0280649222449112
2024-03-26,Convex_ETH,0.09377437188048329,98724179.12489273,1.0263815744397948,1.0240207887138533
2024-03-27,Convex_ETH,0.09288621467609942,92318638.42977877,1.0217677771307194,1.0194700014203901
2024-03-28,Convex_ETH,0.09336336191825029,92613960.18269484,1.0368404677334166,1.0342667591110632
2024-03-29,Convex_ETH,0.09324168346813878,97080565.3045389,1.030382606239148,1.0283969175157175
2024-03-30,Convex_ETH,0.09357451751038273,99958600.58035207,1.0258855463658978,1.023800289256408
2024-03-31,Convex_ETH,0.09463641488083105,96958760.26400441,1.0107493829388894,1.0089301195647402
2024-04-01,Convex_ETH,0.09447745521950864,103126059.65289733,1.0036533412099518,1.0011186150187716
2024-04-02,Convex_ETH,0.0942879363773129,98603895.40394159,0.9877194036125251,0.9856031570933551
2024-04-03,Convex_ETH,0.09434133525368871,95174936.37610245,0.9937084822237453,0.9920172606512369
2024-04-04,Convex_ETH,0.09478559656253124,98609518.53506045,1.0203634863618023,1.0186360322491155
2024-04-05,Convex_ETH,0.09453057570114168,101129299.18158276,1.0169386732118102,1.015387487998804
2024-04-06,Convex_ETH,0.09424664298243222,101624423.59412292,1.0011865421574702,0.9998271377886362
2024-04-07,Convex_ETH,0.09472237815404083,109391895.65996565,1.009805669491622,1.0082398361816653
2024-04-08,Convex_ETH,0.09489276584976795,96655453.2999829,1.0030061997776931,1.0016155400376308
2024-04-09,Convex_ETH,0.09397263813141578,99632606.692048,1.0154544636710572,1.013800206290784
2024-04-10,Convex_ETH,0.09342121182165468,102130619.73409714,1.0128535953173632,1.011018600470178
2024-04-11,Convex_ETH,0.09409676796037693,99882885.20399593,1.006935497617859,1.0054516523513624
2024-04-12,Convex_ETH,0.09427763568776239,97496909.27005674,1.005341726483177,1.0041541890512293
2024-04-13,Convex_ETH,0.09393464751879563,92253714.11827879,1.0126388086148477,1.0112280606937476
2024-04-14,Convex_ETH,0.09385796317303989,97445827.20473492,1.0105649542314967,1.00893469751729
2024-04-15,Convex_ETH,0.09386391967580064,94631487.936411,1.005939751954967,1.0041221272922407
2024-04-16,Convex_ETH,0.09419499968792672,91366966.59438111,1.0041500537163797,1.002556366863396
2024-04-17,Convex_ETH,0.09358378116024026,96021605.79164706,0.9922810641823974,0.9904085348175408
2024-04-18,Convex_ETH,0.09320535404783856,94764541.39616773,0.9960920627759975,0.9943189372804768
2024-04-19,Convex_ETH,0.09332818413752708,102918932.72646475,0.9795550232064484,0.9780308082599496
2024-04-20,Convex_ETH,0.09328325857630412,103005459.18707147,0.975555122170717,0.9740113046915179
2024-04-21,Convex_ETH,0.09354059520849065,95480603.55209562,0.9826508950650176,0.9813936105130537
2024-04-22,Convex_ETH,0.09298731687967883,98698856.84718439,0.9855518385045553,0.9842008682123344
2024-04-23,Convex_ETH,0.09314802478400092,90708786.68943733,0.9911403129569125,0.9897180938487656
2024-04-24,Convex_ETH,0.09363923741272077,97528300.24908653,0.9906248226015818,0.988912917874817
2024-04-25,Convex_ETH,0.09385830575893796,101994909.50351173,1.0016955539955934,1.0002701884792005
2024-04-26,Convex_ETH,0.09392090604183068,104124689.44807051,1.01055420194435,1.0088838478522788
2024-04-27,Convex_ETH,0.09387775842067599,96434764.59154344,1.014904859523559,1.0133338097258626
2024-04-28,Convex_ETH,0.09350207540192881,105259274.30263759,1.0239077862428831,1.0223008937950606
2024-04-29,Convex_ETH,0.0934696760353309,92421540.39243264,1.0312681786910278,1.0293240245460653
2024-04-30,Convex_ETH,0.09403654366912709,93761861.00428104,1.027102186693348,1.0249782029550072
2024-05-01,Convex_ETH,0.09398298084115703,103548309.32818939,1.0142732131027097,1.0125965419683252
2024-05-02,Convex_ETH,0.09358256904595025,108355606.14281623,1.0183925055765226,1.0167706348959065
2024-05-03,Convex_ETH,0.09336105785600582,102467159.94091848,1.0237404861124442,1.0218001659311715
2024-05-04,Convex_ETH,0.09345144048977999,99798288.06732994,1.0344084216214275,1.0325426324886975
2024-05-05,Convex_ETH,0.09328335919104862,89024081.26738895,1.025418292462505,1.0235237706572315
2024-05-06,Convex_ETH,0.09350174566842702,89887764.7197826,1.0167926005570205,1.0159676298820912
2024-05-07,Convex_ETH,0.09373702536076409,100647047.68447934,1.0213025034577765,1.0205612329987648
2024-05-08,Convex_ETH,0.09413706779194618,98209686.65214413,1.020712456777604,1.0198550620229034
2024-05-09,Convex_ETH,0.09477766955446544,94470824.0892394,1.0028305223223566,1.0024153625291723
2024-05-10,Convex_ETH,0.09522580598043301,100327662.90415025,1.0064741243607211,1.0055015695807314
2024-05-11,Convex_ETH,0.09480539840156643,100575656.83753905,0.98915228103092,0.9882244534274155
2024-05-12,Convex_ETH,0.0943988079006071,104722079.34270136,0.9804729322651894,0.9801398908613911
2024-05-13,Convex_ETH,0.09436471073620019,100683011.4150635,0.9931311050006542,0.9927591436044757
2024-05-14,Convex_ETH,0.09416168182544245,106141971.84167193,1.0104475427080228,1.009543672782224
2024-05-15,Convex_ETH,0.09364943479831002,100039970.14774406,0.9990329496865441,0.9980206298645399
2024-05-16,Convex_ETH,0.09345067349093218,99423325.02596332,0.996029582175675,0.9954549285641512
2024-05-17,Convex_ETH,0.0932371426708036,105321560.93123591,0.9965219181369424,0.9960594089536249
2024-05-18,Convex_ETH,0.09293481118791107,95107795.59979282,1.01348057495537,1.012755145550215
2024-05-19,Convex_ETH,0.09279270591914131,114072237.26633081,1.0088786776992027,1.0079491441841708
2024-05-20,Convex_ETH,0.09332300880178457,101876287.39083368,1.0044489389086104,1.0033548296441848
2024-05-21,Convex_ETH,0.09341266592034672,101904146.26418836,1.019307213922903,1.0183073715689646
2024-05-22,Convex_ETH,0.09452498000457168,102625479.86986299,1.0158083223819618,1.0152197173347954
2024-05-23,Convex_ETH,0.09460170868828052,109385682.37665822,1.0228384869649254,1.0225687459527026
2024-05-24,Convex_ETH,0.09447117909000875,103962537.05836304,1.0087955556917851,1.0086675249733725
2024-05-25,Convex_ETH,0.09447303888720344,91974720.10498038,1.0072626572910142,1.0067324263076618
2024-05-26,Convex_ETH,0.09458846027750305,107017351.92383753,0.9917273141342425,0.9908101769940529
2024-05-27,Convex_ETH,0.09478432455823002,98295517.10277492,0.9820054714473311,0.9812544218676266
2024-05-28,Convex_ETH,0.09571884465486658,100535775.36419661,0.9898922788738195,0.9887356359336771
2024-05-29,Convex_ETH,0.09533845044562668,93603730.13912366,0.9895185785585022,0.9882954114423245
2024-05-30,Convex_ETH,0.09572502117180666,102631010.09061947,0.9866394234470177,0.9855098413682406
2024-05-31,Convex_ETH,0.09581850894073302,96743128.54966223,0.9797944524457021,0.9783383245400408
2024-06-01,Convex_ETH,0.09511151495657623,100500848.18996736,0.9778501818323386,0.9760964708841409
2024-06-02,Convex_ETH,0.09545832940851888,98579504.97319609,0.9807190722138183,0.9789325241996553
2024-06-03,Convex_ETH,0.09602876001088063,109625064.00867926,0.989935041089745,0.9882812789278689
2024-06-04,Convex_ETH,0.0956430306291808,109911301.50072795,0.9658405575649509,0.964534624444034
2024-06-05,Convex_ETH,0.0956390103886294,100232565.85107371,0.9583900280442876,0.9572687071269235
2024-06-06,Convex_ETH,0.09486260097072594,100319888.55684428,0.9599165669677004,0.9588146712482333
2024-06-07,Convex_ETH,0.09429613806386798,98132785.16825242,0.9591116795334222,0.9577960025195202
2024-06-08,Convex_ETH,0.09476775137379576,105530031.45751393,0.9628528409155587,0.9612226941498158
2024-06-09,Convex_ETH,0.0945578639460924,98355400.64833312,0.965372324513019,0.9635899561842838
2024-06-10,Convex_ETH,0.09405890260737029,97893313.62677151,0.9626925573989747,0.9610335293091672
2024-06-11,Convex_ETH,0.09416215977137658,104892964.31832482,0.9580144796666239,0.9564602605209316
2024-06-12,Convex_ETH,0.09392707417723262,97308504.52341676,0.9558896435024088,0.9537366891818092
2024-06-13,Convex_ETH,0.09371520443123363,99811224.82775734,0.9663809353993115,0.9639765725067811
2024-06-14,Convex_ETH,0.09404790114278734,92093446.09244503,0.9598278965257633,0.9577866736271491
2024-06-15,Convex_ETH,0.09352512113126688,103520951.72561583,0.9593489285299341,0.9573315226924249
2024-06-16,Convex_ETH,0.09311770678556006,109704334.69590935,0.9610965193422853,0.9586668738122178
2024-06-17,Convex_ETH,0.09318704278202705,103606126.86399896,0.9754203371352095,0.9736438558575556
2024-06-18,Convex_ETH,0.09362327718786374,107308995.83773652,0.972754465421833,0.970974393395003
2024-06-19,Convex_ETH,0.09418044932353417,95769489.31911334,0.9816725761466861,0.9799893716389408
2024-06-20,Convex_ETH,0.09388117154937144,101181621.410141,0.9932254572356055,0.9916414892676351
2024-06-21,Convex_ETH,0.09430299118448528,95284200.37815306,0.9927209609281725,0.9910283215993756
2024-06-22,Convex_ETH,0.0939501271524236,98861172.27209328,0.9908438014448623,0.9889380892058834
2024-06-23,Convex_ETH,0.09477192135853166,103861057.38676253,0.9878681973825929,0.9865969887629219
2024-06-24,Convex_ETH,0.09426172439709278,100509103.06551649,0.985581297706758,0.9846096541983339
2024-06-25,Convex_ETH,0.09485953986194906,92936794.88699389,0.9936375995632829,0.9929030259950097
2024-06-26,Convex_ETH,0.09456412111388063,93424854.47231123,0.9958948160432688,0.9953307507920116
2024-06-27,Convex_ETH,0.09547008201853821,93094180.34254614,0.9981974087312111,0.9973315866678297
2024-06-28,Convex_ETH,0.09573617634652182,102457262.94969796,0.9877624400726722,0.9872842380527329
2024-06-29,Convex_ETH,0.09527896890828812,110319472.67828333,0.9788902109642048,0.9781687039342716
2024-06-30,Convex_ETH,0.095043961592494,106812291.22000107,0.9989521295464729,0.9983007325366224
2024-07-01,Convex_ETH,0.09539549313484467,90520074.00426967,0.9973722332295238,0.9962313418476023
2024-07-02,Convex_ETH,0.09586918312277168,107105379.69034892,0.9902099989296128,0.9884710367559109
2024-07-03,Convex_ETH,0.09583736110649567,104682002.08507323,1.0037446459552164,1.0020777597715378
2024-07-04,Convex_ETH,0.09585745733292923,92273500.27235621,1.0065064264344288,1.004590644767852
2024-07-05,Convex_ETH,0.09619871619761906,98483991.9164475,1.0120977082001184,1.0095673145205952
2024-07-06,Convex_ETH,0.09625802548977393,105477612.05747905,1.0108758062396195,1.0085124142155244
2024-07-07,Convex_ETH,0.09567594830307166,102752167.55467393,1.0079386176390759,1.006223166042955
2024-07-08,Convex_ETH,0.09531010999198358,93454524.73806007,1.0064226323928078,1.0051293063814297
2024-07-09,Convex_ETH,0.09541591396640182,103053710.77898097,0.9934883429767757,0.9921349457687237
2024-07-10,Convex_ETH,0.09596288105382579,89312497.01959705,0.9927575864160518,0.9914078190677517
2024-07-11,Convex_ETH,0.09669007314469871,98885889.12121394,0.9956225589057768,0.9945340424125719
2024-07-12,Convex_ETH,0.09704086138404587,105689783.84700024,1.0132266419305616,1.0124599698534482
2024-07-13,Convex_ETH,0.09717014222651223,100091971.0778566,1.0141418509099571,1.0132699681422757
2024-07-14,Convex_ETH,0.09750710847520434,97505312.25019027,0.9921744172404633,0.9913315934939894
2024-07-15,Convex_ETH,0.09720707059261126,104446731.26886174,0.9913880405997316,0.9906352926349642
2024-07-16,Convex_ETH,0.09713811666049506,104873759.07543291,1.0174036511590265,1.0168002046187947
2024-07-17,Convex_ETH,0.0967672578358923,106550198.46433476,1.0258372695484388,1.0251878663944178
2024-07-18,Convex_ETH,0.09620532366107383,104371712.14223194,1.0181241180651448,1.0174429191928718
2024-07-19,Convex_ETH,0.09635542071631012,105406873.96968573,1.023904872248615,1.023643650746153
2024-07-20,Convex_ETH,0.09643890170427326,103664542.78718767,1.016865900495518,1.0169754509028845
2024-07-21,Convex_ETH,0.09674834532230231,101327643.24558236,1.0040710431047402,1.0043230213185244
2024-07-22,Convex_ETH,0.09699409564620391,100447544.99881907,1.0008735554428125,1.0016409144682286
2024-07-23,Convex_ETH,0.09710328556829965,98813701.40451299,1.0018297771592302,1.0024817234480288
2024-07-24,Convex_ETH,0.09735376306785455,93938158.53470138,0.9844048341828798,0.9855247399658821
2024-07-25,Convex_ETH,0.09733455567455218,95223442.45590095,0.9738943988493973,0.975160853286542
2024-07-26,Convex_ETH,0.09752035680240226,98589927.59032395,0.9740794374661346,0.9763020043134263
2024-07-27,Convex_ETH,0.0971935918211934,101207260.79801215,0.9704305161755351,0.9722975909869052
2024-07-28,Convex_ETH,0.09735995948773102,107204062.99002132,0.9741372162610549,0.9758099675759133
2024-07-29,Convex_ETH,0.09766074744610971,99791013.86062244,0.9631417712477628,0.9649166501079657
2024-07-30,Convex_ETH,0.09735939080347722,105017381.45438832,0.969733545089971,0.9716361346351794
2024-07-31,Convex_ETH,0.097382715248024,105396578.28216061,0.9590670603185368,0.9615098167438093
2024-08-01,Convex_ETH,0.0971020941186908,98842766.01155604,0.9741164337107835,0.9764021986592931
2024-08-02,Convex_ETH,0.09686516610525854,102973451.05685093,0.9585849630812461,0.9610945158076258
2024-08-03,Convex_ETH,0.09635894789546257,98782359.7913757,0.9488561061123577,0.9516710919576867
2024-08-04,Convex_ETH,0.09692854661178753,106610679.47039239,0.9526828685265664,0.9557105990615979
2024-08-05,Convex_ETH,0.09740810494041155,103179216.69132966,0.9678280819444322,0.9706249218531537
2024-08-06,Convex_ETH,0.09764995017481384,94047581.22655822,0.9707949695267196,0.9740103767287392
2024-08-07,Convex_ETH,0.09853743835318857,100807623.26076923,0.9760471885860381,0.9796399556068955
2024-08-08,Convex_ETH,0.09845227778973278,108240560.8091194,0.9762988742516445,0.9800681798187812
2024-08-09,Convex_ETH,0.09981657087653258,99093844.8272665,0.9669927701076833,0.970785427385131
2024-08-10,Convex_ETH,0.09971418263961912,102238575.15047534,0.9626267242762376,0.9664675547018151
2024-08-11,Convex_ETH,0.09982901964790933,102729394.18869573,0.9517859395655327,0.9555610339395004
2024-08-12,Convex_ETH,0.09965001958663623,94816885.504177,0.9404751496282356,0.9443861744579566
2024-08-13,Convex_ETH,0.09981756608866338,102553539.74606757,0.9441291408482209,0.9480641796259383
2024-08-14,Convex_ETH,0.10019359280621218,93030824.23982687,0.9342773971487972,0.937933547501743
2024-08-15,Convex_ETH,0.1001423304293383,96871879.46799302,0.9371812647516742,0.9405539628089905
2024-08-16,Convex_ETH,0.10094185436054123,105378614.83747096,0.9258423996740202,0.9289654116702724
2024-08-17,Convex_ETH,0.10104947153862628,101783781.4515418,0.9285173247696978,0.93171123579959
2024-08-18,Convex_ETH,0.10117118996237587,98477610.96126737,0.9243376764546507,0.9275097354545948
2024-08-19,Convex_ETH,0.10076214099984471,102232305.10622594,0.9367558384239113,0.9400310303232023
2024-08-20,Convex_ETH,0.10095046558339238,99699538.76122434,0.9397042826905297,0.9431309681486587
2024-08-21,Convex_ETH,0.10089015333402816,100062892.51175916,0.9507973283207652,0.9540855286866733
2024-08-22,Convex_ETH,0.10061644545582638,103284092.63360068,0.9441396637245262,0.9478199758526192
2024-08-23,Convex_ETH,0.10026703197215961,96363161.29670434,0.9447266898905623,0.948333416212249
2024-08-24,Convex_ETH,0.10146932549305013,100201682.02777345,0.9361210832508251,0.9395732335126357
2024-08-25,Convex_ETH,0.10135076073046956,98438659.02696674,0.932566625743439,0.9361406253611816
2024-08-26,Convex_ETH,0.10069511729111798,92071983.12699872,0.9303526902253657,0.9334056244201447
2024-08-27,Convex_ETH,0.10038091763423833,95397721.2187535,0.924097500196727,0.9269107488348703
2024-08-28,Convex_ETH,0.10035771210647403,107841032.23531917,0.9136596880488537,0.9167100706453409
2024-08-29,Convex_ETH,0.10060371227115145,101923616.57292616,0.901656055571715,0.9041963952357891
2024-08-30,Convex_ETH,0.10085337070592784,93382058.49299306,0.8820788882892618,0.8848598075221443
2024-08-31,Convex_ETH,0.10115784725422727,92298228.12075795,0.8734244118959625,0.8765740053378811
2024-09-01,Convex_ETH,0.10086766011624047,99439180.49944708,0.8786847696425961,0.8817559416516694
2024-09-02,Convex_ETH,0.10102085831581617,107805932.66588241,0.8656306786849185,0.8687320047644133
2024-09-03,Convex_ETH,0.10062663155696641,99066209.32597823,0.854623485598745,0.8579722952443257
2024-09-04,Convex_ETH,0.10034779221461011,106534997.76702008,0.8692465411476913,0.8725309242144983
2024-09-05,Convex_ETH,0.09993482317608499,101759653.85409328,0.8641294325989006,0.8676194421640876
2024-09-06,Convex_ETH,0.09940004819151577,102356252.28922947,0.8668274552989915,0.870153830463987
2024-09-07,Convex_ETH,0.09987894246150188,93321397.45347716,0.8721698797005331,0.8753917908553136
2024-09-08,Convex_ETH,0.10018881772694238,104687614.6087488,0.8777123323937523,0.8807442418617757
2024-09-09,Convex_ETH,0.10062831714343254,98325339.81363197,0.8652935562092295,0.8683715142299816
2024-09-10,Convex_ETH,0.10064600802314347,104315462.26805454,0.8634918545561335,0.8668633727508932
2024-09-11,Convex_ETH,0.10099557148763277,95929150.09006943,0.8505053716210833,0.8537792071676055
2024-09-12,Convex_ETH,0.10020299125554363,100885246.73754956,0.8704163266864118,0.8734348503190232
2024-09-13,Convex_ETH,0.10059138063866405,101760014.76968816,0.8575143475580856,0.8602095973254001
2024-09-14,Convex_ETH,0.10067108456216631,99229833.41712067,0.8491689369849592,0.8519384807984814
2024-09-15,Convex_ETH,0.10095328388223343,102022725.96543078,0.8409621019564051,0.8441701289818693
2024-09-16,Convex_ETH,0.10112429436680531,98668014.62403746,0.8292637147830149,0.8325250664038513
2024-09-17,Convex_ETH,0.1006801195472637,96754701.2347936,0.8399769570588178,0.8431829467634797
2024-09-18,Convex_ETH,0.10000600164833774,108027416.91396981,0.859448127811927,0.8629259828977415
2024-09-19,Convex_ETH,0.0996855772735554,105244764.33180721,0.8556836513812272,0.8590847925627777
2024-09-20,Convex_ETH,0.09993979005012821,96195676.27475911,0.8451826901057689,0.8484461764017153
2024-09-21,Convex_ETH,0.10025033118695714,102842221.52797307,0.8276330851485239,0.830590831780836
2024-09-22,Convex_ETH,0.0996347571621353,96286605.72649424,0.825808265810327,0.8291084236194612
2024-09-23,Convex_ETH,0.09919326244677461,94076576.78168838,0.8234267099729605,0.8260900949410661
2024-09-24,Convex_ETH,0.09886780638810123,105169047.20699488,0.8184651996391481,0.821308442531036
2024-09-25,Convex_ETH,0.09870701911098116,91479501.87176298,0.8202500208625179,0.8229853479554304
2024-09-26,Convex_ETH,0.09809409623709747,104634279.5678827,0.8233858920319819,0.8260303158341537
2024-09-27,Convex_ETH,0.09745417294233441,98736388.43713471,0.8259725572028915,0.8290446302203982
2024-09-28,Convex_ETH,0.09708434705895101,98942266.98459736,0.8235923941390163,0.826479168639336
2024-09-29,Convex_ETH,0.09712316128525227,102048756.09811644,0.8151639584398509,0.817854880062935
2024-09-30,Convex_ETH,0.09659189383236319,102905994.05997126,0.8203697106053821,0.8230457253887806
2024-10-01,Convex_ETH,0.09653978225287589,95868284.11585546,0.8205424188695962,0.8233208708212806
2024-10-02,Convex_ETH,0.09701613102013971,103588628.04375032,0.8275156232920714,0.8302079945550721
2024-10-03,Convex_ETH,0.09643033013830363,100566852.69012612,0.833775673786061,0.8360947389083285
2024-10-04,Convex_ETH,0.09633742954701889,93719726.0356598,0.8227576415677037,0.82483238317774
2024-10-05,Convex_ETH,0.09679857007720674,99150627.5821013,0.8117899029800667,0.8141490394942584
2024-10-06,Convex_ETH,0.09661034930154302,106906395.07779463,0.8061063999759615,0.8084671031194278
2024-10-07,Convex_ETH,0.09635219794065673,108382973.99122848,0.7981979337146632,0.8006434937943955
2024-10-08,Convex_ETH,0.09687577105709465,103586742.28804338,0.8039723756288014,0.8063725751133991
2024-10-09,Convex_ETH,0.09673798012155746,94048282.55915815,0.8067125609899817,0.8089613335706964
2024-10-10,Convex_ETH,0.09723500288289996,102453034.51227944,0.815185855622429,0.8178685074221823
2024-10-11,Convex_ETH,0.0974280373089072,104254304.51929596,0.8183124943022094,0.8209592354666074
2024-10-12,Convex_ETH,0.09727375721509778,103628539.91659361,0.8199986615915019,0.8225417876649745
2024-10-13,Convex_ETH,0.09748961795386665,103924771.44343959,0.8293968265533819,0.8322418409919695
2024-10-14,Convex_ETH,0.09763382023509738,101816315.39623766,0.833152685951029,0.8358300328755525
2024-10-15,Convex_ETH,0.0980932175045485,99637938.30584729,0.8337646319917301,0.8362951866252895
2024-10-16,Convex_ETH,0.09784646201250924,96958162.5204799,0.8455539976441101,0.8481229333565211
2024-10-17,Convex_ETH,0.09786500474256096,90510322.40749252,0.846550473176276,0.8491225049465088
2024-10-18,Convex_ETH,0.09783732268673888,101698208.83356676,0.8442047361052215,0.8468353904792001
2024-10-19,Convex_ETH,0.09815418935047678,100930264.21826094,0.8376446665693079,0.8407805015301464
2024-10-20,Convex_ETH,0.0976928587129769,102787879.21412408,0.8432894312618286,0.846531464532795
2024-10-21,Convex_ETH,0.09815049838468394,93312281.53353553,0.8532545069688284,0.8559261254782292
2024-10-22,Convex_ETH,0.09836034633216062,103225083.4465753,0.8529269089911551,0.8556809945058601
2024-10-23,Convex_ETH,0.0977677300490258,110272725.47310388,0.8635822607965398,0.8663805659962913
2024-10-24,Convex_ETH,0.09831144832049202,100392250.65388955,0.8477798627297146,0.8505380135110856
2024-10-25,Convex_ETH,0.099316790206851,99691673.40396729,0.8474155156864109,0.8502350069778909
2024-10-26,Convex_ETH,0.09976761549314823,101545011.7804285,0.8471739039150766,0.8499853026752359
2024-10-27,Convex_ETH,0.10040975863840015,110161685.1235517,0.8414689557421606,0.8442481408476568
2024-10-28,Convex_ETH,0.10044817576012131,94881761.19150054,0.8606617604477218,0.8636626222378794
2024-10-29,Convex_ETH,0.09970049854623898,101016034.66696952,0.8602048361366849,0.863064214615869
2024-10-30,Convex_ETH,0.09887064434321359,96001712.88851178,0.8569860634645246,0.8595910963331468
2024-10-31,Convex_ETH,0.09898543126295409,97264976.39577502,0.8572750949063556,0.860658670121033
2024-11-01,Convex_ETH,0.09871904079947559,99752048.4605903,0.841328084417907,0.8444680371570751
2024-11-02,Convex_ETH,0.09830748147422828,106736616.20806779,0.8354037191604485,0.8385466592777853
2024-11-03,Convex_ETH,0.09827924546644239,109004953.00344369,0.8432567094234122,0.8460508262501459
2024-11-04,Convex_ETH,0.09855625884597996,102240710.72313353,0.8383522367915008,0.8411593951981047
2024-11-05,Convex_ETH,0.097902517949937,98117026.38488257,0.8319077768997186,0.8344604492468285
2024-11-06,Convex_ETH,0.09770052302081082,112463694.33319259,0.8423133201032047,0.8447861111449462
2024-11-07,Convex_ETH,0.09837996482821497,97862227.59335239,0.853095964737007,0.8558678726747893
2024-11-08,Convex_ETH,0.09789608505711535,97144320.42820132,0.8573408291106719,0.8602479315261439
2024-11-09,Convex_ETH,0.09828747759133957,91125284.77710636,0.8537515232899118,0.8567920391061078
2024-11-10,Convex_ETH,0.09806934874864252,106980457.84622371,0.8519063389194748,0.8544876131825878
2024-11-11,Convex_ETH,0.098314955940575,104841227.96185647,0.8455546383571794,0.8485826255513891
2024-11-12,Convex_ETH,0.0988087533188163,112089027.68058223,0.8377443703788308,0.8404448409283091
2024-11-13,Convex_ETH,0.09914233011395956,93052383.23890936,0.8296181237533582,0.8326728358580341
2024-11-14,Convex_ETH,0.0995514519349558,107290854.03739555,0.8248776113712164,0.82816766317612
2024-11-15,Convex_ETH,0.09903323484492223,100350677.59183064,0.8169507971674742,0.8203507283432111
2024-11-16,Convex_ETH,0.09953438171295581,104030501.08400068,0.8050777205267537,0.8082217403668562
2024-11-17,Convex_ETH,0.09915066981137013,91761114.29447764,0.8068183529438446,0.8100058620079049
2024-11-18,Convex_ETH,0.09926746360587733,107340409.11332649,0.8086784962960032,0.8117591070501333
2024-11-19,Convex_ETH,0.09938367439002609,103932583.75665915,0.8218174360593594,0.824955258360372
2024-11-20,Convex_ETH,0.0996019795415174,99805449.82606891,0.8167344722348167,0.8197916632308517
2024-11-21,Convex_ETH,0.09975361004574448,103225563.4383056,0.8190919853475397,0.8216570581011393
2024-11-22,Convex_ETH,0.09937389555540835,96172523.49478875,0.8215848813034607,0.8244342530926598
2024-11-23,Convex_ETH,0.09876645521987529,97102799.5720915,0.8196982591733079,0.8225211428734073
2024-11-24,Convex_ETH,0.09915901212585808,97682776.93187302,0.8255433162946392,0.828266262132329
2024-11-25,Convex_ETH,0.0992426376857416,90736360.69154862,0.8316721066473939,0.834275464933361
2024-11-26,Convex_ETH,0.09975985726417261,104308792.47101684,0.8343188218386519,0.8370201859293397
2024-11-27,Convex_ETH,0.09973972744378806,105957968.07091284,0.8323888251393018,0.8348607544348692
2024-11-28,Convex_ETH,0.09910740348148343,96493279.2511808,0.8296664526022164,0.8315689842680516
2024-11-29,Convex_ETH,0.09954216183793528,101741015.07972409,0.8191194210173413,0.8210978133646162
2024-11-30,Convex_ETH,0.09937549506358778,98672297.62685382,0.8129986341723768,0.8150888521918731
2024-12-01,Convex_ETH,0.09952939661942725,101641369.81040515,0.8083229806487453,0.8103527674740137
2024-12-02,Convex_ETH,0.09923803987661146,96862113.79394485,0.7998823570431793,0.8016154923682972
2024-12-03,Convex_ETH,0.09997797564621662,95582874.21956182,0.8032789729558659,0.8050408998720001
2024-12-04,Convex_ETH,0.09958352147533418,105260374.43011871,0.8124617657045243,0.813886871361487
2024-12-05,Convex_ETH,0.09943167808598641,99680647.07437754,0.8056150552196042,0.8067798856140728
2024-12-06,Convex_ETH,0.0994800300022002,110110544.75426738,0.8078441148017677,0.8088302340972062
2024-12-07,Convex_ETH,0.09898854795501107,100231549.8239707,0.8000855842509198,0.8012647999073096
2024-12-08,Convex_ETH,0.09913728174287548,95369609.79824755,0.7978642266576242,0.7989533740480348
2024-12-09,Convex_ETH,0.09986264145773585,106134704.38217969,0.7927651416461279,0.7937408125208417
2024-12-10,Convex_ETH,0.09964193348542369,103154000.8207301,0.7973473890015621,0.7987962700257668
2024-12-11,Convex_ETH,0.09981974775398796,103634364.31848212,0.7923377602760721,0.7938613189751349
2024-12-12,Convex_ETH,0.0985825018302706,105953003.39433959,0.8000001053505695,0.8016197563994887
2024-12-13,Convex_ETH,0.09856498369005243,96736018.53077103,0.7982240893366038,0.799751613516045
2024-12-14,Convex_ETH,0.09842411466138563,99363733.45507357,0.7934270872978844,0.7948034784478835
2024-12-15,Convex_ETH,0.09805579074030096,99142750.84256104,0.784185870367473,0.7850318656808464
2024-12-16,Convex_ETH,0.09854244345163381,93546267.31542191,0.7861316514646501,0.7872082132036308
2024-12-17,Convex_ETH,0.09839563379490308,98682049.24920878,0.7928636729015167,0.7940560882976937
2024-12-18,Convex_ETH,0.09831576892571096,106681897.28938413,0.7949816466388737,0.7961345172269066
2024-12-19,Convex_ETH,0.09814603213205589,101186690.51896924,0.8120038455829874,0.8131479729284719
2024-12-20,Convex_ETH,0.0972834649897616,93269693.36077505,0.8230925164700527,0.8244340423929968
2024-12-21,Convex_ETH,0.09677407109172698,92220802.94167532,0.8207871327276881,0.8217420753899624
2024-12-22,Convex_ETH,0.09720656316048107,108323880.29374136,0.8184072419640099,0.8192145868024505
2024-12-23,Convex_ETH,0.09625708536938508,99548404.94872434,0.8221130987039443,0.8226438484667881
2024-12-24,Convex_ETH,0.09591224346205801,96762948.97149192,0.8157231911127515,0.8166833339629146
2024-12-25,Convex_ETH,0.09573236943672762,98630041.17551498,0.8248124368225795,0.8259999535952786
2024-12-26,Convex_ETH,0.09651699927700882,92613461.22841334,0.8277038989506988,0.8283486254955144
2024-12-27,Convex_ETH,0.09686287097148219,107115475.7475581,0.8297831024812375,0.8300526204422729
2024-12-28,Convex_ETH,0.09661214423430829,98034735.31206985,0.8352484042837276,0.8354865349500845
2024-12-29,Convex_ETH,0.09719917539801029,106837007.63869211,0.8489952914226514,0.8491170114940312
2024-12-30,Convex_ETH,0.09686594327878478,100258258.57223658,0.8504426011398308,0.8502266353963688
